"2017-06-01 13:25:00",98,70
"2017-06-01 13:30:00",101,71
"2017-06-01 13:35:00",100,78
"2017-06-01 13:40:00",102,70
"2017-06-01 13:45:00",100,73
"2017-06-01 13:50:00",99,69
"2017-06-01 13:55:00",99,69
"2017-06-01 14:00:00",99,75
"2017-06-04 13:25:00",102,59
"2017-06-04 13:30:00",102,62
"2017-06-04 13:35:00",101,75
"2017-06-04 13:40:00",100,70
"2017-06-04 13:45:00",100,74
"2017-06-04 13:50:00",101,75
"2017-06-04 13:55:00",101,76
"2017-06-04 14:00:00",103,71
"2017-06-04 14:05:00",98,72
"2017-06-04 14:10:00",98,89
"2017-06-04 14:15:00",94,86
"2017-06-04 14:20:00",101,76
"2017-06-04 14:25:00",98,93
"2017-06-04 14:30:00",99,85
"2017-06-04 14:35:00",99,89
"2017-06-04 14:40:00",97,96
"2017-06-04 14:45:00",98,82
"2017-06-04 14:50:00",96,82
"2017-06-04 14:55:00",97,87
"2017-06-04 15:00:00",98,78
"2017-06-06 13:25:00",100,79
"2017-06-06 13:30:00",102,82
"2017-06-06 13:35:00",101,83
"2017-06-06 13:40:00",103,72
"2017-06-06 13:45:00",102,81
"2017-06-06 13:50:00",101,78
"2017-06-06 13:55:00",99,83
"2017-06-06 14:00:00",98,80
"2017-06-06 14:05:00",103,80
"2017-06-06 14:10:00",96,79
"2017-06-06 14:15:00",101,80
"2017-06-06 14:20:00",99,74
"2017-06-06 14:25:00",100,84
"2017-06-06 14:30:00",100,70
"2017-06-06 14:35:00",98,77
"2017-06-06 14:40:00",98,79
"2017-06-06 14:45:00",99,89
"2017-06-06 14:50:00",101,64
"2017-06-06 14:55:00",100,78
"2017-06-06 15:00:00",102,66
"2017-06-06 15:05:00",100,62
"2017-06-06 15:10:00",99,78
"2017-06-06 15:15:00",104,63
"2017-06-06 15:20:00",100,82
"2017-06-06 15:25:00",97,82
"2017-06-06 15:30:00",101,93
"2017-06-06 15:35:00",98,74
"2017-06-06 15:40:00",100,81
"2017-06-06 15:45:00",99,71
"2017-06-06 15:50:00",102,83
"2017-06-06 15:55:00",97,81
"2017-06-06 16:00:00",99,73
"2017-06-06 16:05:00",101,88
"2017-06-06 16:10:00",100,81
"2017-06-06 16:15:00",102,75
"2017-06-06 16:20:00",101,86
"2017-06-06 16:25:00",105,73
"2017-06-06 16:30:00",98,78
"2017-06-06 16:35:00",99,93
"2017-06-06 16:40:00",100,71
"2017-06-06 16:45:00",100,85
"2017-06-06 16:50:00",103,74
"2017-06-06 16:55:00",100,77
"2017-06-06 17:00:00",100,70
"2017-06-06 17:05:00",98,80
"2017-06-06 17:10:00",102,70
"2017-06-06 17:15:00",99,73
"2017-06-06 17:20:00",104,72
"2017-06-06 17:25:00",100,80
"2017-06-06 17:30:00",101,85
"2017-06-06 17:35:00",105,72
"2017-06-06 17:40:00",103,82
"2017-06-06 17:45:00",102,79
"2017-06-06 17:50:00",100,76
"2017-06-06 17:55:00",104,70
"2017-06-06 18:00:00",105,68
"2017-06-06 18:05:00",101,64
"2017-06-06 18:10:00",101,58
"2017-06-06 18:15:00",106,67
"2017-06-06 18:20:00",101,47
"2017-06-06 18:25:00",101,58
"2017-06-06 18:30:00",104,48
"2017-06-06 18:35:00",104,51
"2017-06-06 18:40:00",103,59
"2017-06-06 18:45:00",108,54
"2017-06-06 18:50:00",100,57
"2017-06-09 13:25:00",99,67
"2017-06-09 13:30:00",99,80
"2017-06-09 13:35:00",100,70
"2017-06-09 13:40:00",99,78
"2017-06-09 13:45:00",100,90
"2017-06-09 13:50:00",101,77
"2017-06-09 13:55:00",99,77
"2017-06-09 14:00:00",97,82
"2017-06-09 14:05:00",98,92
"2017-06-09 14:10:00",103,67
"2017-06-09 14:15:00",99,85
"2017-06-09 14:20:00",100,83
"2017-06-09 14:25:00",103,76
"2017-06-09 14:30:00",98,85
"2017-06-09 14:35:00",98,87
"2017-06-09 14:40:00",96,85
"2017-06-09 14:45:00",100,85
"2017-06-09 14:50:00",97,110
"2017-06-09 14:55:00",97,74
"2017-06-09 15:00:00",100,81
"2017-06-09 15:05:00",93,91
"2017-06-10 13:25:00",85,65
"2017-06-10 13:30:00",80,48
"2017-06-10 13:35:00",60,42
"2017-06-10 13:40:00",92,46
"2017-06-10 13:45:00",69,52
"2017-06-10 13:50:00",63,48
"2017-06-10 13:55:00",32,61
"2017-06-10 14:00:00",48,65
"2017-06-10 14:05:00",81,27
"2017-06-10 14:10:00",58,51
"2017-06-10 14:15:00",25,61
"2017-06-10 14:20:00",42,74
"2017-06-10 14:25:00",16,56
"2017-06-10 14:30:00",46,54
"2017-06-10 14:35:00",55,63
"2017-06-10 14:40:00",64,78
"2017-06-10 14:45:00",74,82
"2017-06-10 14:50:00",74,85
"2017-06-10 14:55:00",82,86
"2017-06-10 15:10:00",77,31
"2017-06-10 15:15:00",81,78
"2017-06-10 15:20:00",88,90
"2017-06-10 15:25:00",90,86
"2017-06-10 15:30:00",94,89
"2017-06-10 15:35:00",92,80
"2017-06-10 15:40:00",89,84
"2017-06-10 15:45:00",88,86
"2017-06-10 15:50:00",88,86
"2017-06-10 15:55:00",92,74
"2017-06-10 16:00:00",86,76
"2017-06-10 16:05:00",94,81
"2017-06-10 16:10:00",91,85
"2017-06-10 16:15:00",95,89
"2017-06-10 16:20:00",96,82
"2017-06-10 16:25:00",96,56
"2017-06-10 16:30:00",94,72
"2017-06-10 16:35:00",97,47
"2017-06-10 16:40:00",95,71
"2017-06-10 16:45:00",97,65
"2017-06-10 16:50:00",94,63
"2017-06-10 16:55:00",97,71
"2017-06-10 17:00:00",97,67
"2017-06-10 17:05:00",97,61
"2017-06-10 17:10:00",95,72
"2017-06-10 17:15:00",96,83
"2017-06-10 17:20:00",97,67
"2017-06-10 17:25:00",101,54
"2017-06-10 17:30:00",94,67
"2017-06-10 17:35:00",96,50
"2017-06-10 17:40:00",91,56
"2017-06-10 17:45:00",90,68
"2017-06-10 17:50:00",71,70
"2017-06-10 17:55:00",51,22
"2017-06-10 18:00:00",53,39
"2017-06-10 18:05:00",82,44
"2017-06-10 18:10:00",76,55
"2017-06-10 18:15:00",81,74
"2017-06-10 18:20:00",91,51
"2017-06-10 18:25:00",83,56
"2017-06-11 13:25:00",105,59
"2017-06-11 13:30:00",102,48
"2017-06-11 13:35:00",99,79
"2017-06-11 13:40:00",100,75
"2017-06-11 13:45:00",100,77
"2017-06-11 13:50:00",100,73
"2017-06-11 14:00:00",97,100
"2017-06-11 14:05:00",98,88
"2017-06-11 14:10:00",98,96
"2017-06-11 14:15:00",100,88
"2017-06-20 13:25:00",101,73
"2017-06-20 13:30:00",100,64
"2017-06-20 13:35:00",98,77
"2017-06-20 13:40:00",99,73
"2017-06-20 13:45:00",82,77
"2017-06-20 13:55:00",78,83
"2017-06-20 14:00:00",81,82
"2017-06-20 14:05:00",76,60
"2017-06-23 13:25:00",99,84
"2017-06-24 13:25:00",101,63
"2017-06-24 13:30:00",100,77
"2017-06-24 13:35:00",101,78
"2017-06-24 13:40:00",100,82
"2017-06-24 13:45:00",99,82
"2017-06-24 13:50:00",105,74
"2017-06-24 13:55:00",104,70
"2017-06-24 14:00:00",100,79
"2017-06-24 14:05:00",102,69
"2017-06-24 14:10:00",104,68
"2017-06-24 14:15:00",99,87
"2017-06-24 14:20:00",100,84
"2017-06-24 14:25:00",101,70
"2017-06-24 14:30:00",98,91
"2017-06-24 14:35:00",99,87
"2017-06-24 14:40:00",95,92
"2017-06-24 14:45:00",99,73
"2017-06-24 14:50:00",101,77
"2017-06-24 14:55:00",101,73
"2017-06-24 15:00:00",102,79
"2017-06-24 15:05:00",99,78
"2017-06-24 15:10:00",101,75
"2017-06-24 15:15:00",100,74
"2017-06-24 15:20:00",98,82
"2017-06-24 15:25:00",100,69
"2017-06-24 15:30:00",97,72
"2017-06-24 15:35:00",102,82
"2017-06-24 15:40:00",100,77
"2017-06-24 15:45:00",103,88
"2017-06-24 15:50:00",98,88
"2017-06-24 15:55:00",99,75
"2017-06-24 16:00:00",98,95
"2017-06-24 16:05:00",98,88
"2017-06-24 16:10:00",100,76
"2017-06-24 16:15:00",102,74
"2017-06-24 16:20:00",101,73
"2017-06-24 16:25:00",101,74
"2017-06-27 13:25:00",91,78
"2017-06-27 13:30:00",86,76
"2017-06-27 13:35:00",90,80
"2017-06-27 13:40:00",89,81
"2017-06-27 13:45:00",89,84
"2017-06-27 13:50:00",87,72
"2017-06-27 13:55:00",93,93
"2017-06-27 14:00:00",91,78
"2017-06-27 14:05:00",92,79
"2017-06-27 14:10:00",86,87
"2017-06-27 14:15:00",82,95
"2017-06-27 14:20:00",91,83
"2017-06-27 14:25:00",86,73
"2017-06-27 14:30:00",89,58
"2017-06-27 14:35:00",87,94
"2017-06-27 14:40:00",91,82
"2017-06-27 14:45:00",88,89
"2017-06-27 14:50:00",91,84
"2017-06-27 14:55:00",90,90
"2017-06-27 15:00:00",95,78
"2017-06-27 15:05:00",96,91
"2017-06-27 15:10:00",93,96
"2017-06-27 15:15:00",94,99
"2017-06-27 15:20:00",95,82
"2017-06-27 15:25:00",94,88
"2017-06-27 15:30:00",98,87
"2017-06-27 15:35:00",98,97
"2017-06-27 15:40:00",101,85
"2017-06-27 15:45:00",99,81
"2017-06-27 15:50:00",99,99
"2017-06-27 15:55:00",100,84
"2017-06-27 16:00:00",96,104
"2017-06-27 16:05:00",99,96
"2017-06-27 16:10:00",100,97
"2017-06-27 16:15:00",97,101
"2017-06-27 16:20:00",97,82
"2017-06-27 16:25:00",98,82
"2017-06-27 16:30:00",92,93
"2017-06-27 16:35:00",98,88
"2017-06-27 16:40:00",101,93
"2017-06-27 16:45:00",96,87
"2017-06-27 16:50:00",101,83
"2017-06-27 16:55:00",98,78
"2017-06-27 17:00:00",101,77
"2017-06-28 14:00:00",98,85
"2017-06-28 14:05:00",99,93
"2017-06-28 14:10:00",96,82
"2017-06-28 14:15:00",97,92
"2017-06-28 14:20:00",99,90
"2017-06-28 14:25:00",95,101
"2017-06-28 14:30:00",99,68
"2017-06-28 14:35:00",97,82
"2017-06-28 14:40:00",98,80
"2017-06-28 14:45:00",99,72
"2017-06-28 14:50:00",95,94
"2017-06-28 14:55:00",99,79
"2017-06-28 15:00:00",98,86
"2017-06-29 14:00:00",97,92
"2017-06-29 14:05:00",96,85
"2017-06-29 14:10:00",97,101
"2017-06-29 14:15:00",98,91
"2017-06-29 14:20:00",96,96
"2017-06-29 14:25:00",96,85
"2017-06-29 14:30:00",100,91
"2017-06-29 14:35:00",96,78
"2017-06-29 14:40:00",94,108
"2017-06-29 14:45:00",100,91
"2017-06-29 14:50:00",97,90
"2017-06-29 14:55:00",93,102
"2017-06-30 14:00:00",94,109
"2017-06-30 14:05:00",96,94
"2017-06-30 14:10:00",93,119
"2017-06-30 14:15:00",92,100
"2017-06-30 14:20:00",94,106
"2017-06-30 14:25:00",94,94
"2017-06-30 14:30:00",91,93
"2017-06-30 14:35:00",91,88
"2017-06-30 14:40:00",96,97
"2017-06-30 14:45:00",87,116
"2017-06-30 14:50:00",93,111
"2017-06-30 14:55:00",92,124
"2017-06-30 15:00:00",92,113
"2017-06-30 15:05:00",96,113
"2017-06-30 15:10:00",96,98
"2017-06-30 15:15:00",98,97
"2017-06-30 15:20:00",96,103
"2017-06-30 15:25:00",97,105
"2017-06-30 15:30:00",99,91
"2017-06-30 15:35:00",96,107
"2017-06-30 15:40:00",98,90
"2017-06-30 15:45:00",96,109
"2017-06-30 15:50:00",91,89
"2017-06-30 15:55:00",85,43
"2017-06-30 16:00:00",70,80
"2017-06-30 16:05:00",86,102
"2017-06-30 16:10:00",84,97
"2017-06-30 16:15:00",94,88
"2017-06-30 16:20:00",93,94
"2017-06-30 16:25:00",88,130
"2017-06-30 16:30:00",89,121
"2017-06-30 16:35:00",93,106
"2017-06-30 16:40:00",92,108
"2017-06-30 16:45:00",95,107
"2017-06-30 16:50:00",99,104
"2017-06-30 16:55:00",96,109
"2017-06-30 17:00:00",97,89
"2017-06-30 17:05:00",99,113
"2017-06-30 17:10:00",104,99
"2017-06-30 17:15:00",97,103
"2017-06-30 17:20:00",98,96
"2017-06-30 17:25:00",98,107
"2017-06-30 17:30:00",97,99
"2017-06-30 17:35:00",96,109
"2017-06-30 17:40:00",86,134
"2017-06-30 17:45:00",90,127
"2017-06-30 17:50:00",98,107
"2017-06-30 17:55:00",96,90
"2017-06-30 18:00:00",96,100
"2017-06-30 18:05:00",98,99
"2017-06-30 18:10:00",99,90
"2017-06-30 18:15:00",101,74
"2017-06-30 18:20:00",98,76
"2017-06-30 18:25:00",101,82
"2017-06-30 18:30:00",98,96
"2017-06-30 18:35:00",102,79
"2017-07-01 14:00:00",94,99
"2017-07-01 14:05:00",97,93
"2017-07-01 14:10:00",97,81
"2017-07-01 14:15:00",95,90
"2017-07-01 14:20:00",92,90
"2017-07-01 14:25:00",89,99
"2017-07-01 14:30:00",92,93
"2017-07-02 14:00:00",92,125
"2017-07-02 14:05:00",99,99
"2017-07-02 14:10:00",98,105
"2017-07-02 14:15:00",97,104
"2017-07-02 14:20:00",97,105
"2017-07-02 14:25:00",93,121
"2017-07-02 14:30:00",94,122
"2017-07-02 14:35:00",97,116
"2017-07-02 14:40:00",91,120
"2017-07-02 14:45:00",99,104
"2017-07-02 14:50:00",95,130
"2017-07-02 14:55:00",97,111
"2017-07-02 15:00:00",92,125
"2017-07-02 15:05:00",94,117
"2017-07-02 15:10:00",97,111
"2017-07-02 15:15:00",88,110
"2017-07-02 15:20:00",91,103
"2017-07-02 15:25:00",87,109
"2017-07-02 15:30:00",83,117
"2017-07-02 15:35:00",83,131
"2017-07-02 15:40:00",85,122
"2017-07-02 15:45:00",86,105
"2017-07-02 15:50:00",85,123
"2017-07-02 15:55:00",85,126
"2017-07-02 16:00:00",88,130
"2017-07-02 16:05:00",90,108
"2017-07-02 16:10:00",92,98
"2017-07-02 16:15:00",80,153
"2017-07-02 16:20:00",86,127
"2017-07-02 16:25:00",93,123
"2017-07-02 16:30:00",93,111
"2017-07-02 16:35:00",90,137
"2017-07-02 16:45:00",87,141
"2017-07-02 16:50:00",92,132
"2017-07-02 16:55:00",99,110
"2017-07-02 17:00:00",93,121
"2017-07-02 17:05:00",97,123
"2017-07-02 17:10:00",97,118
"2017-07-02 17:15:00",101,96
"2017-07-02 17:20:00",99,94
"2017-07-02 17:25:00",98,91
"2017-07-02 17:30:00",98,115
"2017-07-02 17:35:00",100,105
"2017-07-02 17:40:00",101,112
"2017-07-02 17:45:00",97,100
"2017-07-02 17:50:00",95,110
"2017-07-02 17:55:00",97,105
"2017-07-02 18:00:00",99,88
"2017-07-02 18:05:00",99,92
"2017-07-02 18:10:00",98,84
"2017-07-02 18:15:00",101,85
"2017-07-02 18:20:00",100,86
"2017-07-02 18:25:00",98,100
"2017-07-02 18:30:00",102,82
"2017-07-02 18:35:00",96,81
"2017-07-02 18:40:00",100,73
"2017-07-02 18:45:00",100,70
"2017-07-02 18:50:00",97,75
"2017-07-02 18:55:00",99,74
"2017-07-02 19:00:00",93,86
"2017-07-02 19:05:00",92,71
"2017-07-02 19:10:00",92,75
"2017-07-02 19:15:00",99,64
"2017-07-02 19:20:00",93,79
"2017-07-02 19:25:00",92,80
"2017-07-02 19:30:00",87,77
"2017-07-02 19:35:00",91,84
"2017-07-02 19:40:00",90,76
"2017-07-02 19:45:00",91,76
"2017-07-02 19:50:00",88,69
"2017-07-02 19:55:00",89,75
"2017-07-02 20:00:00",89,67
"2017-07-02 20:05:00",88,74
"2017-07-02 20:10:00",94,66
"2017-07-02 20:15:00",91,78
"2017-07-02 20:20:00",98,57
"2017-07-02 20:25:00",98,69
"2017-07-02 20:30:00",97,68
"2017-07-02 20:35:00",96,55
"2017-07-02 20:40:00",100,65
"2017-07-02 20:45:00",96,78
"2017-07-02 20:50:00",99,67
"2017-07-02 20:55:00",102,65
"2017-07-02 21:00:00",103,43
"2017-07-02 21:05:00",102,55
"2017-07-02 21:10:00",101,51
"2017-07-02 21:15:00",102,54
"2017-07-02 21:20:00",104,57
"2017-07-02 21:25:00",104,44
"2017-07-02 21:30:00",99,48
"2017-07-06 14:00:00",97,94
"2017-07-06 14:05:00",96,84
"2017-07-06 14:10:00",94,89
"2017-07-06 14:15:00",94,106
"2017-07-06 14:20:00",99,78
"2017-07-06 14:25:00",95,96
"2017-07-07 14:00:00",96,91
"2017-07-07 14:05:00",100,98
"2017-07-07 14:10:00",97,93
"2017-07-07 14:15:00",95,90
"2017-07-07 14:20:00",93,103
"2017-07-07 14:25:00",99,99
"2017-07-07 14:30:00",93,103
"2017-07-07 14:35:00",98,94
"2017-07-07 14:40:00",99,96
"2017-07-07 14:45:00",96,90
"2017-07-07 14:50:00",97,99
"2017-07-07 14:55:00",94,88
"2017-07-07 15:00:00",97,106
"2017-07-07 15:05:00",99,88
"2017-07-07 15:10:00",99,101
"2017-07-07 15:15:00",97,102
"2017-07-07 15:20:00",96,97
"2017-07-07 15:25:00",92,109
"2017-07-07 15:30:00",99,95
"2017-07-07 15:35:00",95,85
"2017-07-07 15:40:00",93,89
"2017-07-07 15:45:00",95,100
"2017-07-07 15:50:00",97,96
"2017-07-07 15:55:00",98,108
"2017-07-07 16:00:00",96,96
"2017-07-07 16:05:00",93,112
"2017-07-07 16:10:00",98,99
"2017-07-07 16:15:00",93,113
"2017-07-08 14:00:00",100,85
"2017-07-08 14:05:00",97,96
"2017-07-08 14:10:00",94,83
"2017-07-08 14:15:00",99,82
"2017-07-08 14:20:00",97,97
"2017-07-08 14:25:00",96,80
"2017-07-08 14:30:00",100,98
"2017-07-08 14:35:00",97,97
"2017-07-08 14:40:00",100,106
"2017-07-08 14:45:00",98,77
"2017-07-08 14:50:00",99,109
"2017-07-08 14:55:00",100,99
"2017-07-08 15:00:00",98,83
"2017-07-08 15:05:00",100,81
"2017-07-08 15:10:00",96,94
"2017-07-08 15:15:00",98,85
"2017-07-08 15:20:00",96,97
"2017-07-08 15:25:00",96,111
"2017-07-08 15:30:00",94,86
"2017-07-08 15:35:00",96,101
"2017-07-08 15:40:00",99,98
"2017-07-08 15:45:00",99,90
"2017-07-08 15:50:00",98,97
"2017-07-08 15:55:00",99,98
"2017-07-08 16:00:00",99,101
"2017-07-08 16:05:00",96,82
"2017-07-08 16:10:00",95,97
"2017-07-08 16:15:00",103,100
"2017-07-08 16:20:00",99,88
"2017-07-08 16:25:00",97,94
"2017-07-08 16:30:00",99,97
"2017-07-08 16:35:00",96,88
"2017-07-08 16:40:00",99,101
"2017-07-08 16:45:00",99,78
"2017-07-08 16:50:00",100,76
"2017-07-08 16:55:00",101,78
"2017-07-08 17:00:00",100,84
"2017-07-08 17:05:00",97,88
"2017-07-08 17:10:00",97,91
"2017-07-08 17:15:00",101,91
"2017-07-08 17:20:00",98,92
"2017-07-08 17:25:00",96,79
"2017-07-08 17:30:00",103,82
"2017-07-08 17:35:00",102,88
"2017-07-08 17:40:00",99,82
"2017-07-08 17:45:00",101,73
"2017-07-12 14:00:00",99,69
"2017-07-12 14:05:00",96,83
"2017-07-12 14:10:00",99,84
"2017-07-12 14:15:00",100,82
"2017-07-12 14:20:00",96,88
"2017-07-12 14:25:00",100,82
"2017-07-12 14:30:00",96,76
"2017-07-12 14:35:00",96,90
"2017-07-12 14:40:00",96,90
"2017-07-12 14:45:00",96,92
"2017-07-12 14:50:00",96,72
"2017-07-12 14:55:00",96,90
"2017-07-12 15:00:00",95,87
"2017-07-12 15:05:00",96,100
"2017-07-12 15:10:00",98,90
"2017-07-12 15:15:00",98,91
"2017-07-12 15:20:00",101,82
"2017-07-12 15:25:00",99,84
"2017-07-12 15:30:00",96,77
"2017-07-12 15:35:00",99,91
"2017-07-12 15:40:00",96,98
"2017-07-12 15:45:00",96,101
"2017-07-12 15:50:00",99,83
"2017-07-12 15:55:00",98,89
"2017-07-12 16:00:00",97,89
"2017-07-12 16:05:00",96,81
"2017-07-12 16:10:00",102,96
"2017-07-12 16:15:00",95,87
"2017-07-12 16:20:00",98,80
"2017-07-12 16:25:00",99,69
"2017-07-12 16:30:00",94,87
"2017-07-12 16:35:00",96,92
"2017-07-12 16:40:00",98,91
"2017-07-13 14:00:00",99,85
"2017-07-13 14:05:00",97,72
"2017-07-13 14:10:00",95,95
"2017-07-13 14:15:00",95,84
"2017-07-13 14:20:00",97,82
"2017-07-13 14:25:00",92,90
"2017-07-13 14:30:00",97,88
"2017-07-13 14:35:00",97,88
"2017-07-13 14:40:00",95,87
"2017-07-13 14:45:00",95,86
"2017-07-13 14:50:00",99,91
"2017-07-13 14:55:00",98,77
"2017-07-13 15:00:00",95,94
"2017-07-13 15:05:00",97,82
"2017-07-13 15:10:00",95,92
"2017-07-13 15:15:00",101,72
"2017-07-13 15:20:00",95,78
"2017-07-13 15:25:00",98,89
"2017-07-13 15:30:00",97,91
"2017-07-13 15:35:00",96,97
"2017-07-13 15:40:00",98,71
"2017-07-13 15:45:00",98,74
"2017-07-13 15:50:00",98,77
"2017-07-13 15:55:00",96,85
"2017-07-13 16:00:00",98,86
"2017-07-13 16:05:00",93,94
"2017-07-13 16:10:00",99,77
"2017-07-13 16:15:00",99,93
"2017-07-13 16:20:00",99,83
"2017-07-13 16:25:00",96,81
"2017-07-13 16:30:00",97,83
"2017-07-13 16:35:00",102,77
"2017-07-13 16:40:00",98,86
"2017-07-14 14:00:00",97,81
"2017-07-14 14:05:00",101,87
"2017-07-14 14:10:00",96,96
"2017-07-14 14:15:00",98,82
"2017-07-14 14:20:00",98,87
"2017-07-14 14:25:00",94,87
"2017-07-14 14:30:00",97,99
"2017-07-14 14:35:00",98,76
"2017-07-14 14:40:00",94,111
"2017-07-14 14:45:00",94,88
"2017-07-14 14:50:00",95,88
"2017-07-14 14:55:00",95,81
"2017-07-14 15:00:00",98,94
"2017-07-14 15:05:00",95,92
"2017-07-14 15:10:00",96,99
"2017-07-14 15:15:00",96,107
"2017-07-14 15:20:00",97,80
"2017-07-14 15:25:00",96,99
"2017-07-14 15:30:00",98,76
"2017-07-14 15:35:00",91,112
"2017-07-14 15:40:00",98,82
"2017-07-14 15:45:00",98,93
"2017-07-14 15:50:00",94,100
"2017-07-14 15:55:00",100,56
"2017-07-14 16:00:00",95,95
"2017-07-14 16:05:00",100,90
"2017-07-14 16:10:00",96,96
"2017-07-14 16:15:00",96,108
"2017-07-14 16:20:00",95,95
"2017-07-14 16:25:00",97,85
"2017-07-14 16:30:00",99,96
"2017-07-14 16:35:00",97,96
"2017-07-14 16:40:00",99,80
"2017-07-14 16:45:00",97,105
"2017-07-14 16:50:00",98,88
"2017-07-14 16:55:00",93,104
"2017-07-14 17:00:00",96,104
"2017-07-14 17:05:00",98,83
"2017-07-14 17:10:00",98,73
"2017-07-14 17:15:00",98,78
"2017-07-14 17:20:00",100,82
"2017-07-14 17:25:00",103,79
"2017-07-14 17:30:00",97,86
"2017-07-14 17:35:00",101,74
"2017-07-14 17:40:00",98,75
"2017-07-14 17:45:00",102,74
"2017-07-14 17:50:00",100,70
"2017-07-14 17:55:00",102,69
"2017-07-14 18:00:00",100,82
"2017-07-14 18:05:00",100,91
"2017-07-14 18:10:00",95,87
"2017-07-14 18:15:00",95,107
"2017-07-14 18:20:00",95,101
"2017-07-14 18:25:00",98,110
"2017-07-14 18:30:00",94,119
"2017-07-14 18:35:00",98,101
"2017-07-14 18:40:00",97,79
"2017-07-14 18:45:00",98,79
"2017-07-14 18:50:00",99,81
"2017-07-14 18:55:00",95,67
"2017-07-14 19:00:00",101,55
"2017-07-14 19:05:00",100,63
"2017-07-14 19:10:00",101,62
"2017-07-14 19:15:00",100,68
"2017-07-14 19:20:00",97,64
"2017-07-14 19:25:00",97,57
"2017-07-14 19:30:00",98,58
"2017-07-14 19:35:00",98,61
"2017-07-14 19:40:00",99,60
"2017-07-14 19:45:00",95,61
"2017-07-14 19:50:00",96,56
"2017-07-14 19:55:00",101,50
"2017-07-14 20:00:00",98,52
"2017-07-14 20:05:00",100,48
"2017-07-14 20:10:00",101,50
"2017-07-14 20:15:00",99,51
"2017-07-14 20:20:00",98,50
"2017-07-14 20:25:00",99,45
"2017-07-14 20:30:00",100,43
"2017-07-14 20:35:00",100,59
"2017-07-14 20:40:00",100,50
"2017-07-14 20:45:00",102,38
"2017-07-14 20:50:00",97,34
"2017-07-14 20:55:00",105,31
"2017-07-14 21:00:00",105,31
"2017-07-14 21:05:00",99,52
"2017-07-14 21:10:00",99,58
"2017-07-14 21:15:00",100,57
"2017-07-14 21:20:00",94,51
"2017-07-14 21:25:00",95,46
"2017-07-14 21:30:00",102,34
"2017-07-14 21:35:00",97,49
"2017-07-14 21:40:00",100,47
"2017-07-14 21:45:00",101,45
"2017-07-14 21:50:00",101,49
"2017-07-14 21:55:00",99,26
"2017-07-14 22:00:00",101,43
"2017-07-14 22:05:00",98,36
"2017-07-14 22:10:00",101,29
"2017-07-14 22:15:00",96,41
"2017-07-14 22:20:00",101,46
"2017-07-14 22:25:00",98,38
"2017-07-14 22:30:00",97,46
"2017-07-14 22:35:00",103,37
"2017-07-14 22:40:00",104,35
"2017-07-14 22:45:00",96,34
"2017-07-14 22:50:00",100,40
"2017-07-14 22:55:00",101,24
"2017-07-14 23:00:00",101,49
"2017-07-14 23:05:00",100,24
"2017-07-14 23:10:00",102,21
"2017-07-16 14:00:00",88,113
"2017-07-16 14:05:00",90,106
"2017-07-16 14:10:00",96,85
"2017-07-16 14:15:00",99,75
"2017-07-16 14:20:00",96,108
"2017-07-16 14:25:00",99,86
"2017-07-16 14:30:00",96,88
"2017-07-16 14:35:00",98,77
"2017-07-16 14:40:00",97,90
"2017-07-16 14:45:00",96,86
"2017-07-16 14:50:00",95,59
"2017-07-16 14:55:00",97,106
"2017-07-16 15:00:00",96,91
"2017-07-16 15:05:00",96,100
"2017-07-16 15:10:00",99,80
"2017-07-16 15:15:00",96,81
"2017-07-16 15:20:00",98,99
"2017-07-16 15:25:00",94,92
"2017-07-16 15:30:00",98,89
"2017-07-16 15:35:00",101,104
"2017-07-16 15:40:00",97,92
"2017-07-16 15:45:00",96,102
"2017-07-16 15:50:00",97,91
"2017-07-16 15:55:00",96,101
"2017-07-16 16:00:00",99,95
"2017-07-16 16:05:00",98,104
"2017-07-16 16:10:00",96,104
"2017-07-16 16:15:00",98,84
"2017-07-16 16:20:00",99,93
"2017-07-16 16:25:00",98,89
"2017-07-16 16:30:00",96,93
"2017-07-16 16:35:00",95,103
"2017-07-16 16:40:00",99,90
"2017-07-16 16:45:00",99,95
"2017-07-16 16:50:00",101,91
"2017-07-16 16:55:00",95,95
"2017-07-16 17:00:00",98,101
"2017-07-16 17:05:00",100,90
"2017-07-16 17:10:00",100,92
"2017-07-16 17:15:00",98,82
"2017-07-16 17:20:00",100,83
"2017-07-16 17:25:00",101,83
"2017-07-16 17:30:00",100,89
"2017-07-16 17:35:00",99,84
"2017-07-16 17:40:00",100,90
"2017-07-16 17:45:00",96,88
"2017-07-16 17:50:00",104,92
"2017-07-16 17:55:00",101,85
"2017-07-16 18:00:00",100,83
"2017-07-16 18:05:00",101,71
"2017-07-16 18:10:00",100,73
"2017-07-16 18:15:00",102,70
"2017-07-16 18:20:00",102,74
"2017-07-16 18:25:00",98,74
"2017-07-17 14:00:00",95,85
"2017-07-17 14:05:00",96,66
"2017-07-17 14:10:00",95,64
"2017-07-17 14:15:00",97,74
"2017-07-17 14:20:00",98,87
"2017-07-17 14:25:00",98,71
"2017-07-17 14:30:00",96,66
"2017-07-18 14:00:00",98,76
"2017-07-18 14:05:00",96,65
"2017-07-18 14:10:00",100,63
"2017-07-18 14:15:00",97,75
"2017-07-18 14:20:00",97,85
"2017-07-18 14:25:00",98,64
"2017-07-18 14:30:00",99,82
"2017-07-18 14:35:00",96,82
"2017-07-18 14:40:00",98,79
"2017-07-18 14:45:00",94,89
"2017-07-18 14:50:00",94,75
"2017-07-18 14:55:00",96,75
"2017-07-18 15:00:00",96,76
"2017-07-18 15:05:00",96,83
"2017-07-18 15:10:00",96,70
"2017-07-18 15:15:00",98,82
"2017-07-18 15:20:00",96,87
"2017-07-18 15:25:00",97,69
"2017-07-18 15:30:00",97,76
"2017-07-18 15:35:00",92,85
"2017-07-18 15:40:00",96,75
"2017-07-18 15:45:00",95,97
"2017-07-18 15:50:00",101,91
"2017-07-18 15:55:00",97,102
"2017-07-18 16:00:00",101,83
"2017-07-18 16:05:00",98,81
"2017-07-18 16:10:00",98,83
"2017-07-18 16:15:00",99,80
"2017-07-18 16:20:00",98,90
"2017-07-18 16:25:00",98,83
"2017-07-18 16:30:00",99,99
"2017-07-18 16:35:00",97,83
"2017-07-18 16:40:00",96,93
"2017-07-18 16:45:00",99,77
"2017-07-18 16:50:00",102,72
"2017-07-18 16:55:00",101,74
"2017-07-18 17:00:00",97,85
"2017-07-18 17:05:00",100,66
"2017-07-18 17:10:00",101,73
"2017-07-18 17:15:00",97,78
"2017-07-18 17:20:00",97,85
"2017-07-18 17:25:00",98,69
"2017-07-18 17:30:00",95,85
"2017-07-18 17:35:00",100,74
"2017-07-18 17:40:00",99,64
"2017-07-18 17:45:00",99,76
"2017-07-18 17:50:00",101,73
"2017-07-18 17:55:00",98,84
"2017-07-18 18:00:00",102,71
"2017-07-18 18:05:00",98,72
"2017-07-18 18:10:00",98,79
"2017-07-18 18:15:00",98,68
"2017-07-18 18:20:00",102,56
"2017-07-18 18:25:00",101,67
"2017-07-18 18:30:00",98,71
"2017-07-18 18:35:00",101,62
"2017-07-18 18:40:00",100,62
"2017-07-18 18:45:00",100,64
"2017-07-18 18:50:00",102,62
"2017-07-18 18:55:00",102,61
"2017-07-18 19:00:00",98,51
"2017-07-18 19:05:00",102,50
"2017-07-18 19:10:00",99,48
"2017-07-18 19:15:00",98,54
"2017-07-18 19:20:00",99,48
"2017-07-18 19:25:00",96,46
"2017-07-18 19:30:00",95,54
"2017-07-18 19:35:00",98,50
"2017-07-18 19:40:00",99,58
"2017-07-18 19:45:00",97,49
"2017-07-18 19:50:00",99,52
"2017-07-18 19:55:00",101,43
"2017-07-18 20:00:00",100,41
"2017-07-20 14:00:00",96,74
"2017-07-20 14:05:00",96,68
"2017-07-20 14:10:00",94,68
"2017-07-20 14:15:00",101,71
"2017-07-20 14:20:00",100,77
"2017-07-20 14:25:00",97,67
"2017-07-20 14:30:00",96,76
"2017-07-20 14:35:00",97,82
"2017-07-20 14:40:00",98,75
"2017-07-20 14:45:00",98,70
"2017-07-20 14:50:00",95,73
"2017-07-20 14:55:00",98,74
"2017-07-22 14:00:00",99,70
"2017-07-22 14:05:00",98,77
"2017-07-22 14:10:00",100,65
"2017-07-22 14:15:00",94,70
"2017-07-22 14:20:00",99,65
"2017-07-22 14:25:00",98,64
"2017-07-22 14:30:00",98,78
"2017-07-22 14:35:00",97,79
"2017-07-22 14:40:00",100,68
"2017-07-22 14:45:00",95,74
"2017-07-22 14:50:00",97,78
"2017-07-22 14:55:00",97,73
"2017-07-22 15:00:00",99,60
"2017-07-22 15:05:00",101,68
"2017-07-22 15:10:00",96,56
"2017-07-22 15:15:00",95,57
"2017-07-23 14:00:00",93,70
"2017-07-23 14:05:00",97,70
"2017-07-23 14:10:00",99,78
"2017-07-23 14:15:00",100,72
"2017-07-23 14:20:00",101,72
"2017-07-23 14:25:00",97,76
"2017-07-23 14:30:00",98,64
"2017-07-23 14:35:00",99,63
"2017-07-23 14:40:00",99,67
"2017-07-25 14:00:00",96,69
"2017-07-25 14:05:00",99,76
"2017-07-25 14:10:00",99,64
"2017-07-25 14:15:00",100,82
"2017-07-25 14:20:00",101,66
"2017-07-25 14:25:00",99,63
"2017-07-25 14:30:00",95,68
"2017-07-28 14:00:00",95,84
"2017-07-28 14:05:00",100,75
"2017-07-28 14:10:00",100,76
"2017-07-28 14:15:00",94,76
"2017-07-28 14:20:00",99,69
"2017-07-28 14:25:00",95,71
"2017-07-28 14:30:00",100,83
"2017-07-28 14:35:00",99,73
"2017-07-28 14:40:00",98,81
"2017-07-28 14:45:00",95,85
"2017-07-28 14:50:00",99,82
"2017-07-28 14:55:00",96,76
"2017-07-28 15:00:00",95,87
"2017-08-01 14:00:00",97,81
"2017-08-01 14:05:00",97,80
"2017-08-01 14:10:00",97,76
"2017-08-01 14:15:00",97,76
"2017-08-01 14:20:00",96,83
"2017-08-01 14:25:00",96,75
"2017-08-02 14:00:00",97,85
"2017-08-02 14:05:00",96,86
"2017-08-02 14:10:00",98,71
"2017-08-02 14:15:00",97,76
"2017-08-02 14:20:00",94,89
"2017-08-02 14:25:00",99,86
"2017-08-02 14:30:00",99,75
"2017-08-02 14:35:00",97,79
"2017-08-02 14:40:00",97,71
"2017-08-02 14:45:00",97,81
"2017-08-02 14:50:00",99,82
"2017-08-02 14:55:00",94,80
"2017-08-02 15:00:00",98,80
"2017-08-02 15:05:00",99,93
"2017-08-02 15:10:00",101,70
"2017-08-02 15:15:00",101,83
"2017-08-02 15:20:00",96,93
"2017-08-02 15:25:00",99,89
"2017-08-02 15:30:00",99,88
"2017-08-02 15:35:00",96,104
"2017-08-02 15:40:00",96,94
"2017-08-02 15:45:00",96,77
"2017-08-02 15:50:00",96,84
"2017-08-02 15:55:00",97,96
"2017-08-02 16:00:00",100,92
"2017-08-03 14:00:00",98,79
"2017-08-03 14:05:00",97,80
"2017-08-03 14:10:00",93,85
"2017-08-03 14:15:00",97,64
"2017-08-03 14:20:00",100,73
"2017-08-03 14:25:00",99,76
"2017-08-03 14:30:00",96,88
"2017-08-03 14:35:00",95,75
"2017-08-03 14:40:00",98,74
"2017-08-03 14:45:00",100,75
"2017-08-03 14:50:00",98,75
"2017-08-03 14:55:00",97,76
"2017-08-03 15:00:00",99,72
"2017-08-03 15:05:00",98,75
"2017-08-03 15:10:00",100,97
"2017-08-03 15:15:00",101,78
"2017-08-03 15:20:00",95,85
"2017-08-03 15:25:00",96,70
"2017-08-03 15:30:00",66,76
"2017-08-03 15:35:00",38,50
"2017-08-03 15:40:00",38,78
"2017-08-03 15:45:00",69,71
"2017-08-03 15:50:00",53,91
"2017-08-03 15:55:00",68,75
"2017-08-03 16:00:00",33,61
"2017-08-03 16:05:00",78,106
"2017-08-03 16:10:00",90,90
"2017-08-03 16:15:00",91,88
"2017-08-03 16:20:00",89,88
"2017-08-03 16:25:00",92,102
"2017-08-03 16:30:00",95,84
"2017-08-03 16:35:00",96,89
"2017-08-03 16:40:00",94,92
"2017-08-04 14:00:00",97,83
"2017-08-04 14:05:00",99,91
"2017-08-04 14:10:00",98,82
"2017-08-04 14:15:00",97,69
"2017-08-04 14:20:00",94,105
"2017-08-04 14:25:00",97,89
"2017-08-04 14:30:00",98,94
"2017-08-04 14:35:00",96,81
"2017-08-04 14:40:00",95,90
"2017-08-04 14:45:00",97,99
"2017-08-04 14:50:00",96,79
"2017-08-04 14:55:00",99,88
"2017-08-04 15:00:00",97,96
"2017-08-04 15:05:00",97,91
"2017-08-04 15:10:00",97,92
"2017-08-04 15:15:00",98,81
"2017-08-04 15:20:00",99,79
"2017-08-04 15:25:00",95,77
"2017-08-04 15:30:00",97,84
"2017-08-05 14:00:00",98,71
"2017-08-05 14:05:00",100,56
"2017-08-05 14:10:00",98,82
"2017-08-05 14:15:00",98,94
"2017-08-05 14:20:00",97,83
"2017-08-05 14:25:00",94,104
"2017-08-05 14:30:00",95,88
"2017-08-05 14:35:00",98,83
"2017-08-05 14:40:00",97,96
"2017-08-05 14:45:00",99,82
"2017-08-05 14:50:00",95,82
"2017-08-05 14:55:00",98,96
"2017-08-05 15:00:00",101,86
"2017-08-05 15:05:00",98,79
"2017-08-05 15:10:00",100,84
"2017-08-05 15:15:00",97,74
"2017-08-05 15:20:00",100,72
"2017-08-05 15:25:00",96,100
"2017-08-05 15:30:00",99,84
"2017-08-05 15:35:00",94,89
"2017-08-05 15:40:00",97,87
"2017-08-05 15:45:00",98,93
"2017-08-05 15:50:00",97,82
"2017-08-05 15:55:00",98,59
"2017-08-05 16:00:00",98,96
"2017-08-05 16:05:00",97,89
"2017-08-05 16:10:00",98,81
"2017-08-05 16:15:00",98,89
"2017-08-05 16:20:00",99,83
"2017-08-05 16:25:00",97,84
"2017-08-05 16:30:00",97,84
"2017-08-05 16:35:00",101,84
"2017-08-05 16:40:00",103,85
"2017-08-05 16:45:00",96,94
"2017-08-05 16:50:00",102,66
"2017-08-05 16:55:00",99,100
"2017-08-05 17:00:00",100,75
"2017-08-05 17:05:00",98,83
"2017-08-05 17:10:00",101,75
"2017-08-05 17:15:00",100,87
"2017-08-05 17:20:00",98,74
"2017-08-05 17:25:00",102,72
"2017-08-05 17:30:00",101,63
"2017-08-05 17:35:00",98,71
"2017-08-05 17:40:00",101,69
"2017-08-05 17:45:00",102,59
"2017-08-05 17:50:00",99,60
"2017-08-05 17:55:00",102,70
"2017-08-05 18:00:00",100,58
"2017-08-05 18:05:00",101,66
"2017-08-05 18:10:00",104,64
"2017-08-05 18:15:00",98,66
"2017-08-09 14:00:00",97,80
"2017-08-09 14:05:00",98,80
"2017-08-09 14:10:00",96,90
"2017-08-09 14:15:00",97,75
"2017-08-09 14:20:00",96,79
"2017-08-09 14:25:00",98,85
"2017-08-09 14:30:00",98,84
"2017-08-09 14:35:00",97,88
"2017-08-09 14:40:00",101,89
"2017-08-09 14:45:00",100,87
"2017-08-09 14:50:00",96,87
"2017-08-09 14:55:00",99,83
"2017-08-09 15:00:00",95,93
"2017-08-09 15:05:00",103,83
"2017-08-09 15:10:00",98,72
"2017-08-09 15:15:00",97,94
"2017-08-14 14:00:00",99,76
"2017-08-14 14:05:00",98,83
"2017-08-14 14:10:00",98,79
"2017-08-14 14:15:00",99,82
"2017-08-14 14:20:00",94,78
"2017-08-14 14:25:00",96,99
"2017-08-14 14:30:00",99,75
"2017-08-14 14:35:00",99,81
"2017-08-14 14:40:00",100,82
"2017-08-14 14:45:00",100,79
"2017-08-14 14:50:00",96,87
"2017-08-14 14:55:00",96,78
"2017-08-14 15:00:00",100,76
"2017-08-14 15:05:00",98,86
"2017-08-14 15:10:00",98,73
"2017-08-14 15:15:00",97,93
"2017-08-14 15:20:00",97,81
"2017-08-14 15:25:00",97,83
"2017-08-14 15:30:00",97,83
"2017-08-14 15:35:00",96,88
"2017-08-14 15:40:00",96,94
"2017-08-14 15:45:00",100,90
"2017-08-14 15:50:00",96,96
"2017-08-14 15:55:00",98,101
"2017-08-14 16:00:00",102,90
"2017-08-14 16:05:00",102,82
"2017-08-14 16:10:00",102,89
"2017-08-14 16:15:00",100,93
"2017-08-14 16:20:00",95,86
"2017-08-14 16:25:00",100,91
"2017-08-15 14:00:00",98,87
"2017-08-15 14:05:00",98,98
"2017-08-15 14:10:00",98,91
"2017-08-15 14:15:00",96,84
"2017-08-15 14:20:00",99,74
"2017-08-16 14:00:00",94,87
"2017-08-16 14:05:00",91,111
"2017-08-16 14:10:00",94,87
"2017-08-16 14:15:00",92,79
"2017-08-16 14:20:00",92,64
"2017-08-16 14:25:00",86,94
"2017-08-16 14:30:00",91,78
"2017-08-16 14:35:00",90,87
"2017-08-16 14:40:00",89,91
"2017-08-16 14:45:00",88,90
"2017-08-16 14:50:00",86,79
"2017-08-16 14:55:00",83,117
"2017-08-16 15:00:00",91,84
"2017-08-16 15:05:00",87,102
"2017-08-16 15:10:00",85,96
"2017-08-16 15:15:00",88,84
"2017-08-16 15:20:00",88,91
"2017-08-16 15:25:00",91,88
"2017-08-16 15:30:00",86,92
"2017-08-16 15:35:00",88,93
"2017-08-16 15:40:00",88,101
"2017-08-16 15:45:00",89,95
"2017-08-16 15:50:00",84,113
"2017-08-16 15:55:00",93,107
"2017-08-16 16:00:00",92,110
"2017-08-16 16:05:00",90,101
"2017-08-16 16:10:00",96,65
"2017-08-16 16:15:00",97,78
"2017-08-16 16:20:00",94,97
"2017-08-17 14:00:00",97,91
"2017-08-17 14:05:00",94,75
"2017-08-17 14:10:00",100,85
"2017-08-17 14:15:00",93,81
"2017-08-17 14:20:00",91,92
"2017-08-17 14:25:00",96,92
"2017-08-17 14:30:00",98,72
"2017-08-17 14:35:00",100,90
"2017-08-17 14:40:00",95,91
"2017-08-17 14:45:00",94,81
"2017-08-17 14:50:00",95,99
"2017-08-17 14:55:00",97,79
"2017-08-17 15:00:00",93,93
"2017-08-17 15:05:00",98,87
"2017-08-17 15:10:00",93,87
"2017-08-17 15:15:00",94,96
"2017-08-17 15:20:00",94,81
"2017-08-17 15:25:00",94,93
"2017-08-17 15:30:00",93,94
"2017-08-17 15:35:00",96,94
"2017-08-17 15:40:00",96,95
"2017-08-17 15:45:00",96,92
"2017-08-17 15:50:00",95,99
"2017-08-17 15:55:00",98,76
"2017-08-17 16:00:00",95,85
"2017-08-17 16:05:00",94,84
"2017-08-17 16:10:00",98,79
"2017-08-17 16:15:00",97,88
"2017-08-17 16:20:00",94,107
"2017-08-17 16:25:00",98,92
"2017-08-17 16:30:00",95,100
"2017-08-17 16:35:00",93,94
"2017-08-17 16:40:00",98,93
"2017-08-17 16:45:00",95,102
"2017-08-17 16:50:00",97,85
"2017-08-17 16:55:00",93,103
"2017-08-21 00:00:00",103,23
"2017-08-21 00:05:00",106,24
"2017-08-21 00:10:00",102,23
"2017-08-21 00:15:00",102,17
"2017-08-21 00:20:00",101,22
"2017-08-21 00:25:00",94,24
"2017-08-21 00:30:00",99,21
"2017-08-21 00:35:00",104,20
"2017-08-21 00:40:00",97,22
"2017-08-21 00:45:00",110,15
"2017-08-21 00:50:00",102,13
"2017-08-21 00:55:00",102,21
"2017-08-21 01:00:00",102,16
"2017-08-21 01:05:00",104,17
"2017-08-21 01:10:00",97,19
"2017-08-21 01:15:00",100,17
"2017-08-21 01:20:00",98,22
"2017-08-21 01:25:00",103,11
"2017-08-21 01:30:00",103,11
"2017-08-21 01:35:00",103,15
"2017-08-21 01:40:00",102,12
"2017-08-21 01:45:00",92,14
"2017-08-21 01:50:00",97,14
"2017-08-21 01:55:00",102,15
"2017-08-21 02:00:00",102,15
"2017-08-21 02:05:00",102,12
"2017-08-21 02:10:00",102,13
"2017-08-21 02:15:00",92,12
"2017-08-21 02:20:00",104,18
"2017-08-21 02:25:00",106,4
"2017-08-21 02:30:00",102,15
"2017-08-21 02:35:00",99,12
"2017-08-21 02:40:00",101,9
"2017-08-21 02:45:00",104,13
"2017-08-21 02:50:00",96,14
"2017-08-21 02:55:00",97,17
"2017-08-21 03:00:00",104,13
"2017-08-21 03:05:00",101,9
"2017-08-21 03:10:00",102,11
"2017-08-21 03:15:00",99,9
"2017-08-21 03:20:00",94,12
"2017-08-21 03:25:00",96,4
"2017-08-21 03:30:00",97,3
"2017-08-21 03:35:00",96,6
"2017-08-21 03:40:00",97,10
"2017-08-21 03:45:00",94,12
"2017-08-21 03:50:00",101,9
"2017-08-21 03:55:00",104,4
"2017-08-21 04:00:00",103,11
"2017-08-21 04:05:00",107,11
"2017-08-21 04:10:00",97,9
"2017-08-21 04:15:00",99,7
"2017-08-21 04:20:00",99,10
"2017-08-21 04:25:00",96,12
"2017-08-21 04:30:00",100,10
"2017-08-21 04:35:00",102,5
"2017-08-21 04:40:00",106,13
"2017-08-21 04:45:00",98,10
"2017-08-21 04:50:00",98,11
"2017-08-21 04:55:00",96,7
"2017-08-21 05:00:00",95,9
"2017-08-21 05:05:00",106,15
"2017-08-21 05:10:00",104,14
"2017-08-21 05:15:00",112,14
"2017-08-21 05:20:00",104,20
"2017-08-21 05:25:00",101,17
"2017-08-21 05:30:00",102,23
"2017-08-21 05:35:00",100,23
"2017-08-21 05:40:00",104,26
"2017-08-21 05:45:00",103,27
"2017-08-21 05:50:00",105,24
"2017-08-21 05:55:00",104,29
"2017-08-21 06:00:00",101,22
"2017-08-21 06:05:00",106,35
"2017-08-21 06:10:00",105,36
"2017-08-21 06:15:00",103,30
"2017-08-21 06:20:00",105,45
"2017-08-21 06:25:00",104,40
"2017-08-21 06:30:00",104,54
"2017-08-21 06:35:00",104,44
"2017-08-21 06:40:00",104,47
"2017-08-21 06:45:00",103,55
"2017-08-21 06:50:00",103,48
"2017-08-21 06:55:00",106,58
"2017-08-21 07:00:00",106,58
"2017-08-21 07:05:00",105,68
"2017-08-21 07:10:00",99,78
"2017-08-21 07:15:00",100,48
"2017-08-21 07:20:00",100,76
"2017-08-21 07:25:00",103,81
"2017-08-21 07:30:00",102,76
"2017-08-21 07:35:00",101,64
"2017-08-21 07:40:00",103,76
"2017-08-21 07:45:00",102,59
"2017-08-21 07:50:00",102,70
"2017-08-21 07:55:00",101,76
"2017-08-21 08:00:00",98,86
"2017-08-21 08:05:00",105,72
"2017-08-21 08:10:00",100,74
"2017-08-21 08:15:00",106,67
"2017-08-21 08:20:00",99,74
"2017-08-21 08:25:00",101,77
"2017-08-21 08:30:00",103,89
"2017-08-21 08:35:00",100,70
"2017-08-21 08:40:00",101,85
"2017-08-21 08:45:00",98,83
"2017-08-21 08:50:00",96,84
"2017-08-21 08:55:00",99,81
"2017-08-21 09:00:00",101,78
"2017-08-21 09:05:00",97,83
"2017-08-21 09:10:00",98,70
"2017-08-21 09:15:00",94,91
"2017-08-21 09:20:00",99,83
"2017-08-21 09:25:00",96,84
"2017-08-21 09:30:00",101,75
"2017-08-21 09:35:00",100,82
"2017-08-21 09:40:00",97,88
"2017-08-21 09:45:00",97,82
"2017-08-21 09:50:00",98,92
"2017-08-21 09:55:00",100,83
"2017-08-21 10:00:00",97,81
"2017-08-21 10:05:00",99,87
"2017-08-21 10:10:00",99,79
"2017-08-21 10:15:00",94,100
"2017-08-21 10:20:00",102,86
"2017-08-21 10:25:00",100,78
"2017-08-21 10:30:00",99,90
"2017-08-21 10:35:00",98,78
"2017-08-21 10:40:00",97,86
"2017-08-21 10:45:00",96,75
"2017-08-21 10:50:00",100,68
"2017-08-21 10:55:00",96,89
"2017-08-21 11:00:00",97,76
"2017-08-21 11:05:00",100,69
"2017-08-21 11:10:00",99,73
"2017-08-21 11:15:00",100,80
"2017-08-21 11:20:00",97,58
"2017-08-21 11:25:00",99,61
"2017-08-21 11:30:00",96,65
"2017-08-21 11:35:00",100,75
"2017-08-21 11:40:00",101,67
"2017-08-21 11:45:00",97,66
"2017-08-21 11:50:00",100,59
"2017-08-21 11:55:00",98,71
"2017-08-21 12:00:00",98,62
"2017-08-21 12:05:00",102,58
"2017-08-21 12:10:00",100,63
"2017-08-21 12:15:00",104,64
"2017-08-21 12:20:00",99,64
"2017-08-21 12:25:00",100,60
"2017-08-21 12:30:00",103,55
"2017-08-21 12:35:00",100,68
"2017-08-21 12:40:00",103,64
"2017-08-21 12:45:00",98,68
"2017-08-21 12:50:00",100,83
"2017-08-21 12:55:00",96,59
"2017-08-21 13:00:00",100,70
"2017-08-21 13:05:00",95,71
"2017-08-21 13:10:00",103,79
"2017-08-21 13:15:00",97,79
"2017-08-21 13:20:00",101,80
"2017-08-21 13:25:00",97,101
"2017-08-21 13:30:00",98,79
"2017-08-21 13:35:00",100,85
"2017-08-21 13:40:00",101,80
"2017-08-21 13:45:00",97,94
"2017-08-21 13:50:00",94,82
"2017-08-21 13:55:00",101,84
"2017-08-21 14:00:00",97,91
"2017-08-21 14:05:00",101,82
"2017-08-21 14:10:00",100,83
"2017-08-21 14:15:00",93,89
"2017-08-21 14:20:00",98,89
"2017-08-21 14:25:00",95,79
"2017-08-21 14:30:00",94,84
"2017-08-21 14:35:00",96,86
"2017-08-21 14:40:00",93,90
"2017-08-21 14:45:00",99,81
"2017-08-21 14:50:00",94,95
"2017-08-21 14:55:00",97,82
"2017-08-21 15:00:00",96,72
"2017-08-21 15:05:00",98,94
"2017-08-21 15:10:00",95,99
"2017-08-21 15:15:00",99,83
"2017-08-21 15:20:00",97,81
"2017-08-21 15:25:00",97,83
"2017-08-21 15:30:00",99,81
"2017-08-21 15:35:00",94,74
"2017-08-21 15:40:00",98,82
"2017-08-21 15:45:00",99,95
"2017-08-21 15:50:00",96,84
"2017-08-21 15:55:00",98,96
"2017-08-21 16:00:00",98,76
"2017-08-21 16:05:00",102,94
"2017-08-21 16:10:00",99,76
"2017-08-21 16:15:00",97,95
"2017-08-21 16:20:00",100,78
"2017-08-21 16:25:00",96,96
"2017-08-21 16:30:00",98,63
"2017-08-21 16:35:00",95,92
"2017-08-21 16:40:00",96,85
"2017-08-21 16:45:00",95,99
"2017-08-21 16:50:00",95,82
"2017-08-21 16:55:00",97,106
"2017-08-21 17:00:00",99,89
"2017-08-21 17:05:00",99,93
"2017-08-21 17:10:00",94,77
"2017-08-21 17:15:00",99,86
"2017-08-21 17:20:00",96,94
"2017-08-21 17:25:00",97,95
"2017-08-21 17:30:00",101,81
"2017-08-21 17:35:00",96,88
"2017-08-21 17:40:00",100,83
"2017-08-21 17:45:00",100,91
"2017-08-21 17:50:00",100,84
"2017-08-21 17:55:00",98,77
"2017-08-21 18:00:00",98,88
"2017-08-21 18:05:00",102,79
"2017-08-21 18:10:00",98,63
"2017-08-21 18:15:00",102,78
"2017-08-21 18:20:00",100,87
"2017-08-21 18:25:00",97,98
"2017-08-21 18:30:00",103,68
"2017-08-21 18:35:00",98,81
"2017-08-21 18:40:00",102,69
"2017-08-21 18:45:00",101,71
"2017-08-21 18:50:00",100,70
"2017-08-21 18:55:00",94,65
"2017-08-21 19:00:00",96,68
"2017-08-21 19:05:00",94,57
"2017-08-21 19:10:00",96,64
"2017-08-21 19:15:00",99,61
"2017-08-21 19:20:00",97,52
"2017-08-21 19:25:00",101,55
"2017-08-21 19:30:00",100,63
"2017-08-21 19:35:00",100,45
"2017-08-21 19:40:00",98,42
"2017-08-21 19:45:00",101,56
"2017-08-21 19:50:00",101,45
"2017-08-21 19:55:00",95,51
"2017-08-21 20:00:00",97,52
"2017-08-21 20:05:00",101,43
"2017-08-21 20:10:00",96,43
"2017-08-21 20:15:00",101,45
"2017-08-21 20:20:00",99,56
"2017-08-21 20:25:00",98,41
"2017-08-21 20:30:00",100,54
"2017-08-21 20:35:00",99,43
"2017-08-21 20:40:00",94,44
"2017-08-21 20:45:00",101,48
"2017-08-21 20:50:00",99,50
"2017-08-21 20:55:00",103,48
"2017-08-21 21:00:00",101,45
"2017-08-21 21:05:00",101,42
"2017-08-21 21:10:00",99,52
"2017-08-21 21:15:00",99,47
"2017-08-21 21:20:00",100,39
"2017-08-21 21:25:00",102,39
"2017-08-21 21:30:00",100,49
"2017-08-21 21:35:00",98,43
"2017-08-21 21:40:00",101,49
"2017-08-21 21:45:00",104,38
"2017-08-21 21:50:00",100,41
"2017-08-21 21:55:00",97,23
"2017-08-21 22:00:00",100,41
"2017-08-21 22:05:00",103,45
"2017-08-21 22:10:00",102,38
"2017-08-21 22:15:00",102,35
"2017-08-21 22:20:00",98,39
"2017-08-21 22:25:00",103,30
"2017-08-21 22:30:00",95,41
"2017-08-21 22:35:00",96,42
"2017-08-21 22:40:00",99,28
"2017-08-21 22:45:00",103,27
"2017-08-21 22:50:00",104,22
"2017-08-21 22:55:00",99,35
"2017-08-21 23:00:00",99,32
"2017-08-21 23:05:00",104,28
"2017-08-21 23:10:00",99,32
"2017-08-21 23:15:00",103,25
"2017-08-21 23:20:00",95,18
"2017-08-21 23:25:00",102,24
"2017-08-21 23:30:00",105,23
"2017-08-21 23:35:00",98,29
"2017-08-21 23:40:00",102,20
"2017-08-21 23:45:00",105,23
"2017-08-21 23:50:00",101,22
"2017-08-21 23:55:00",105,27
"2017-08-22 00:00:00",99,23
"2017-08-22 00:05:00",113,13
"2017-08-22 00:10:00",99,18
"2017-08-22 00:15:00",102,17
"2017-08-22 00:20:00",97,18
"2017-08-22 00:25:00",106,14
"2017-08-22 00:30:00",100,18
"2017-08-22 00:35:00",102,16
"2017-08-22 00:40:00",98,19
"2017-08-22 00:45:00",102,14
"2017-08-22 00:50:00",98,13
"2017-08-22 00:55:00",99,12
"2017-08-22 01:00:00",98,23
"2017-08-22 01:05:00",102,15
"2017-08-22 01:10:00",99,11
"2017-08-22 01:15:00",104,20
"2017-08-22 01:20:00",98,14
"2017-08-22 01:25:00",98,11
"2017-08-22 01:30:00",102,14
"2017-08-22 01:35:00",93,7
"2017-08-22 01:40:00",99,12
"2017-08-22 01:45:00",106,11
"2017-08-22 01:50:00",99,10
"2017-08-22 01:55:00",103,13
"2017-08-22 02:00:00",99,6
"2017-08-22 02:05:00",101,8
"2017-08-22 02:10:00",104,14
"2017-08-22 02:15:00",94,7
"2017-08-22 02:20:00",101,5
"2017-08-22 02:25:00",94,6
"2017-08-22 02:30:00",97,12
"2017-08-22 02:35:00",106,15
"2017-08-22 02:40:00",99,13
"2017-08-22 02:45:00",99,9
"2017-08-22 02:50:00",109,10
"2017-08-22 02:55:00",104,14
"2017-08-22 03:00:00",92,7
"2017-08-22 03:05:00",106,8
"2017-08-22 03:10:00",90,7
"2017-08-22 03:15:00",101,10
"2017-08-22 03:20:00",106,8
"2017-08-22 03:25:00",102,8
"2017-08-22 03:30:00",88,9
"2017-08-22 03:35:00",104,11
"2017-08-22 03:40:00",107,10
"2017-08-22 03:45:00",93,6
"2017-08-22 03:50:00",99,12
"2017-08-22 03:55:00",105,10
"2017-08-22 04:00:00",98,11
"2017-08-22 04:05:00",99,9
"2017-08-22 04:10:00",101,7
"2017-08-22 04:15:00",103,8
"2017-08-22 04:20:00",106,10
"2017-08-22 04:25:00",110,10
"2017-08-22 04:30:00",103,3
"2017-08-22 04:35:00",97,9
"2017-08-22 04:40:00",99,15
"2017-08-22 04:45:00",105,9
"2017-08-22 04:50:00",97,12
"2017-08-22 04:55:00",96,9
"2017-08-22 05:00:00",103,11
"2017-08-22 05:05:00",100,15
"2017-08-22 05:10:00",102,17
"2017-08-22 05:15:00",97,16
"2017-08-22 05:20:00",99,15
"2017-08-22 05:25:00",109,10
"2017-08-22 05:30:00",99,20
"2017-08-22 05:35:00",102,10
"2017-08-22 05:40:00",103,18
"2017-08-22 05:45:00",101,19
"2017-08-22 05:50:00",103,18
"2017-08-22 05:55:00",102,23
"2017-08-22 06:00:00",106,21
"2017-08-22 06:05:00",96,21
"2017-08-22 06:10:00",103,24
"2017-08-22 06:15:00",105,25
"2017-08-22 06:20:00",103,34
"2017-08-22 06:25:00",103,30
"2017-08-22 06:30:00",102,35
"2017-08-22 06:35:00",100,37
"2017-08-22 06:40:00",101,36
"2017-08-22 06:45:00",103,47
"2017-08-22 06:50:00",104,35
"2017-08-22 06:55:00",104,37
"2017-08-22 07:00:00",103,46
"2017-08-22 07:05:00",106,31
"2017-08-22 07:10:00",99,39
"2017-08-22 07:15:00",102,34
"2017-08-22 07:20:00",100,52
"2017-08-22 07:25:00",101,56
"2017-08-22 07:30:00",101,62
"2017-08-22 07:35:00",103,52
"2017-08-22 07:40:00",98,58
"2017-08-22 07:45:00",98,55
"2017-08-22 07:50:00",104,56
"2017-08-22 07:55:00",103,57
"2017-08-22 08:00:00",99,58
"2017-08-22 08:05:00",102,58
"2017-08-22 08:10:00",98,62
"2017-08-22 08:15:00",98,70
"2017-08-22 08:20:00",101,67
"2017-08-22 08:25:00",101,80
"2017-08-22 08:30:00",97,76
"2017-08-22 08:35:00",99,75
"2017-08-22 08:40:00",94,81
"2017-08-22 08:45:00",99,77
"2017-08-22 08:50:00",100,68
"2017-08-22 08:55:00",101,83
"2017-08-22 09:00:00",99,83
"2017-08-22 09:05:00",93,73
"2017-08-22 09:10:00",99,77
"2017-08-22 09:15:00",95,92
"2017-08-22 09:20:00",99,73
"2017-08-22 09:25:00",97,84
"2017-08-22 09:30:00",93,89
"2017-08-22 09:35:00",97,98
"2017-08-22 09:40:00",92,84
"2017-08-22 09:45:00",96,75
"2017-08-22 09:50:00",97,76
"2017-08-22 09:55:00",95,77
"2017-08-22 10:00:00",99,66
"2017-08-22 10:05:00",94,81
"2017-08-22 10:10:00",94,84
"2017-08-22 10:15:00",96,81
"2017-08-22 10:20:00",95,83
"2017-08-22 10:25:00",100,83
"2017-08-22 10:30:00",96,74
"2017-08-22 10:35:00",100,76
"2017-08-22 10:40:00",96,70
"2017-08-22 10:45:00",101,70
"2017-08-22 10:50:00",97,73
"2017-08-22 10:55:00",88,38
"2017-08-22 11:00:00",97,58
"2017-08-22 11:05:00",93,73
"2017-08-22 11:10:00",96,60
"2017-08-22 11:15:00",95,76
"2017-08-22 11:20:00",96,78
"2017-08-22 11:25:00",95,73
"2017-08-22 11:30:00",95,72
"2017-08-22 11:35:00",97,73
"2017-08-22 11:40:00",100,58
"2017-08-22 11:45:00",95,68
"2017-08-22 11:50:00",91,66
"2017-08-22 11:55:00",95,56
"2017-08-22 12:00:00",94,78
"2017-08-22 12:05:00",100,63
"2017-08-22 12:10:00",99,66
"2017-08-22 12:15:00",96,69
"2017-08-22 12:20:00",99,65
"2017-08-22 12:25:00",100,61
"2017-08-22 12:30:00",98,68
"2017-08-22 12:35:00",97,71
"2017-08-22 12:40:00",97,67
"2017-08-22 12:45:00",99,70
"2017-08-22 12:50:00",99,67
"2017-08-22 12:55:00",98,78
"2017-08-22 13:00:00",101,66
"2017-08-22 13:05:00",103,66
"2017-08-22 13:10:00",95,79
"2017-08-22 13:15:00",96,88
"2017-08-22 13:20:00",89,71
"2017-08-22 13:25:00",92,82
"2017-08-22 13:30:00",95,76
"2017-08-22 13:35:00",96,87
"2017-08-22 13:40:00",100,71
"2017-08-22 13:45:00",97,82
"2017-08-22 13:50:00",96,82
"2017-08-22 13:55:00",94,83
"2017-08-22 14:00:00",96,89
"2017-08-22 14:05:00",97,85
"2017-08-22 14:10:00",93,92
"2017-08-22 14:15:00",96,95
"2017-08-22 14:20:00",97,81
"2017-08-22 14:25:00",96,83
"2017-08-22 14:30:00",95,79
"2017-08-22 14:35:00",96,82
"2017-08-22 14:40:00",95,81
"2017-08-22 14:45:00",96,82
"2017-08-22 14:50:00",97,76
"2017-08-22 14:55:00",96,94
"2017-08-22 15:00:00",99,82
"2017-08-22 15:05:00",93,74
"2017-08-22 15:10:00",95,82
"2017-08-22 15:15:00",95,105
"2017-08-22 15:20:00",100,71
"2017-08-22 15:25:00",95,69
"2017-08-22 15:30:00",97,82
"2017-08-22 15:35:00",97,73
"2017-08-22 15:40:00",96,70
"2017-08-22 15:45:00",92,90
"2017-08-22 15:50:00",92,95
"2017-08-22 15:55:00",96,101
"2017-08-22 16:00:00",94,88
"2017-08-22 16:05:00",91,122
"2017-08-22 16:10:00",90,132
"2017-08-22 16:15:00",92,109
"2017-08-22 16:20:00",89,133
"2017-08-22 16:25:00",94,95
"2017-08-22 16:30:00",93,92
"2017-08-22 16:35:00",90,93
"2017-08-22 16:40:00",100,86
"2017-08-22 16:45:00",98,80
"2017-08-22 16:50:00",94,88
"2017-08-22 16:55:00",101,89
"2017-08-22 17:00:00",97,96
"2017-08-22 17:05:00",97,89
"2017-08-22 17:10:00",97,95
"2017-08-22 17:15:00",98,74
"2017-08-22 17:20:00",96,77
"2017-08-22 17:25:00",97,76
"2017-08-22 17:30:00",99,73
"2017-08-22 17:35:00",99,77
"2017-08-22 17:40:00",98,72
"2017-08-22 17:45:00",97,76
"2017-08-22 17:50:00",98,80
"2017-08-22 17:55:00",99,81
"2017-08-22 18:00:00",97,84
"2017-08-22 18:05:00",98,72
"2017-08-22 18:10:00",99,80
"2017-08-22 18:15:00",99,74
"2017-08-22 18:20:00",99,92
"2017-08-22 18:25:00",98,72
"2017-08-22 18:30:00",97,70
"2017-08-22 18:35:00",103,61
"2017-08-22 18:40:00",100,69
"2017-08-22 18:45:00",100,75
"2017-08-22 18:50:00",98,63
"2017-08-22 18:55:00",97,61
"2017-08-22 19:00:00",98,49
"2017-08-22 19:05:00",99,59
"2017-08-22 19:10:00",97,65
"2017-08-22 19:15:00",103,35
"2017-08-22 19:20:00",101,60
"2017-08-22 19:25:00",101,55
"2017-08-22 19:30:00",96,58
"2017-08-22 19:35:00",99,36
"2017-08-22 19:40:00",95,60
"2017-08-22 19:45:00",99,47
"2017-08-22 19:50:00",95,62
"2017-08-22 19:55:00",100,63
"2017-08-22 20:00:00",95,49
"2017-08-22 20:05:00",97,57
"2017-08-22 20:10:00",96,43
"2017-08-22 20:15:00",101,53
"2017-08-22 20:20:00",97,42
"2017-08-22 20:25:00",101,50
"2017-08-22 20:30:00",99,64
"2017-08-22 20:35:00",99,49
"2017-08-22 20:40:00",97,58
"2017-08-22 20:45:00",98,43
"2017-08-22 20:50:00",102,33
"2017-08-22 20:55:00",101,55
"2017-08-22 21:00:00",98,55
"2017-08-22 21:05:00",104,38
"2017-08-22 21:10:00",97,44
"2017-08-22 21:15:00",98,39
"2017-08-22 21:20:00",97,42
"2017-08-22 21:25:00",99,32
"2017-08-22 21:30:00",99,36
"2017-08-22 21:35:00",100,39
"2017-08-22 21:40:00",96,54
"2017-08-22 21:45:00",98,35
"2017-08-22 21:50:00",104,41
"2017-08-22 21:55:00",97,50
"2017-08-22 22:00:00",95,44
"2017-08-22 22:05:00",99,34
"2017-08-22 22:10:00",94,32
"2017-08-22 22:15:00",103,45
"2017-08-22 22:20:00",97,31
"2017-08-22 22:25:00",101,43
"2017-08-22 22:30:00",101,31
"2017-08-22 22:35:00",100,34
"2017-08-22 22:40:00",104,34
"2017-08-22 22:45:00",101,28
"2017-08-22 22:50:00",100,24
"2017-08-22 22:55:00",100,40
"2017-08-22 23:00:00",103,21
"2017-08-22 23:05:00",99,36
"2017-08-22 23:10:00",103,21
"2017-08-22 23:15:00",99,25
"2017-08-22 23:20:00",98,29
"2017-08-22 23:25:00",97,14
"2017-08-22 23:30:00",102,20
"2017-08-22 23:35:00",99,25
"2017-08-22 23:40:00",104,24
"2017-08-22 23:45:00",97,19
"2017-08-22 23:50:00",97,18
"2017-08-22 23:55:00",102,22
"2017-08-23 00:00:00",104,26
"2017-08-23 00:05:00",97,9
"2017-08-23 00:10:00",102,16
"2017-08-23 00:15:00",99,15
"2017-08-23 00:20:00",103,13
"2017-08-23 00:25:00",88,13
"2017-08-23 00:30:00",105,11
"2017-08-23 00:35:00",97,15
"2017-08-23 00:40:00",105,11
"2017-08-23 00:45:00",103,16
"2017-08-23 00:50:00",100,14
"2017-08-23 00:55:00",99,18
"2017-08-23 01:00:00",94,11
"2017-08-23 01:05:00",101,13
"2017-08-23 01:10:00",95,16
"2017-08-23 01:15:00",102,7
"2017-08-23 01:20:00",98,15
"2017-08-23 01:25:00",106,11
"2017-08-23 01:30:00",107,9
"2017-08-23 01:35:00",101,18
"2017-08-23 01:40:00",98,10
"2017-08-23 01:45:00",97,7
"2017-08-23 01:50:00",102,8
"2017-08-23 01:55:00",103,12
"2017-08-23 02:00:00",104,12
"2017-08-23 02:05:00",99,10
"2017-08-23 02:10:00",95,13
"2017-08-23 02:15:00",101,10
"2017-08-23 02:20:00",95,13
"2017-08-23 02:25:00",99,12
"2017-08-23 02:30:00",100,9
"2017-08-23 02:35:00",96,8
"2017-08-23 02:40:00",96,10
"2017-08-23 02:45:00",91,9
"2017-08-23 02:50:00",98,9
"2017-08-23 02:55:00",100,9
"2017-08-23 03:00:00",102,9
"2017-08-23 03:05:00",103,9
"2017-08-23 03:10:00",100,9
"2017-08-23 03:15:00",102,3
"2017-08-23 03:20:00",92,7
"2017-08-23 03:25:00",99,9
"2017-08-23 03:30:00",105,13
"2017-08-23 03:35:00",100,6
"2017-08-23 03:40:00",98,13
"2017-08-23 03:45:00",92,12
"2017-08-23 03:50:00",92,12
"2017-08-23 03:55:00",99,7
"2017-08-23 04:00:00",103,10
"2017-08-23 04:05:00",94,14
"2017-08-23 04:10:00",102,10
"2017-08-23 04:15:00",99,13
"2017-08-23 04:20:00",100,12
"2017-08-23 04:25:00",104,10
"2017-08-23 04:30:00",106,7
"2017-08-23 04:35:00",100,4
"2017-08-23 04:40:00",96,15
"2017-08-23 04:45:00",109,4
"2017-08-23 04:50:00",110,16
"2017-08-23 04:55:00",99,7
"2017-08-23 05:00:00",104,11
"2017-08-23 05:05:00",103,10
"2017-08-23 05:10:00",100,14
"2017-08-23 05:15:00",104,14
"2017-08-23 05:20:00",96,9
"2017-08-23 05:25:00",100,11
"2017-08-23 05:30:00",97,16
"2017-08-23 05:35:00",101,15
"2017-08-23 05:40:00",105,10
"2017-08-23 05:45:00",101,19
"2017-08-23 05:50:00",99,16
"2017-08-23 05:55:00",105,24
"2017-08-23 06:00:00",101,29
"2017-08-23 06:05:00",100,25
"2017-08-23 06:10:00",105,23
"2017-08-23 06:15:00",98,29
"2017-08-23 06:20:00",100,38
"2017-08-23 06:25:00",102,38
"2017-08-23 06:30:00",101,34
"2017-08-23 06:35:00",99,26
"2017-08-23 06:40:00",105,29
"2017-08-23 06:45:00",103,30
"2017-08-23 06:50:00",103,32
"2017-08-23 06:55:00",101,45
"2017-08-23 07:00:00",103,46
"2017-08-23 07:05:00",104,41
"2017-08-23 07:10:00",104,45
"2017-08-23 07:15:00",98,45
"2017-08-23 07:20:00",100,48
"2017-08-23 07:25:00",100,61
"2017-08-23 07:30:00",103,45
"2017-08-23 07:35:00",102,53
"2017-08-23 07:40:00",104,56
"2017-08-23 07:45:00",102,61
"2017-08-23 07:50:00",100,54
"2017-08-23 07:55:00",101,67
"2017-08-23 08:00:00",101,62
"2017-08-23 08:05:00",99,69
"2017-08-23 08:10:00",99,74
"2017-08-23 08:15:00",100,61
"2017-08-23 08:20:00",98,69
"2017-08-23 08:25:00",102,66
"2017-08-23 08:30:00",98,71
"2017-08-23 08:35:00",99,79
"2017-08-23 08:40:00",100,71
"2017-08-23 08:45:00",96,82
"2017-08-23 08:50:00",97,77
"2017-08-23 08:55:00",98,54
"2017-08-23 09:00:00",96,64
"2017-08-23 09:05:00",98,76
"2017-08-23 09:10:00",98,80
"2017-08-23 09:15:00",97,80
"2017-08-23 09:20:00",97,78
"2017-08-23 09:25:00",99,82
"2017-08-23 09:30:00",96,85
"2017-08-23 09:35:00",97,87
"2017-08-23 09:45:00",91,93
"2017-08-23 09:50:00",100,81
"2017-08-23 09:55:00",97,79
"2017-08-23 10:00:00",100,79
"2017-08-23 10:05:00",96,92
"2017-08-23 10:10:00",93,81
"2017-08-23 10:15:00",97,82
"2017-08-23 10:20:00",97,88
"2017-08-23 10:25:00",94,82
"2017-08-23 10:30:00",93,88
"2017-08-23 10:35:00",93,68
"2017-08-23 10:40:00",97,82
"2017-08-23 10:45:00",98,64
"2017-08-23 10:50:00",96,89
"2017-08-23 10:55:00",99,79
"2017-08-23 11:00:00",98,75
"2017-08-23 11:05:00",98,66
"2017-08-23 11:10:00",96,67
"2017-08-23 11:15:00",98,56
"2017-08-23 11:20:00",95,58
"2017-08-23 11:25:00",98,61
"2017-08-23 11:30:00",98,69
"2017-08-23 11:35:00",100,61
"2017-08-23 11:40:00",97,64
"2017-08-23 11:45:00",101,60
"2017-08-23 11:50:00",96,62
"2017-08-23 11:55:00",94,60
"2017-08-23 12:00:00",102,70
"2017-08-23 12:05:00",97,50
"2017-08-23 12:10:00",97,70
"2017-08-23 12:15:00",95,69
"2017-08-23 12:20:00",100,73
"2017-08-23 12:25:00",95,68
"2017-08-23 12:30:00",100,47
"2017-08-23 12:35:00",99,70
"2017-08-23 12:40:00",97,57
"2017-08-23 12:45:00",97,68
"2017-08-23 12:50:00",100,68
"2017-08-23 12:55:00",98,68
"2017-08-23 13:00:00",99,71
"2017-08-23 13:05:00",100,67
"2017-08-23 13:10:00",98,70
"2017-08-23 13:15:00",99,68
"2017-08-23 13:20:00",99,63
"2017-08-23 13:25:00",100,74
"2017-08-23 13:30:00",98,78
"2017-08-23 13:35:00",98,70
"2017-08-23 15:55:00",84,127
"2017-08-23 16:00:00",83,95
"2017-08-23 16:05:00",91,87
"2017-08-23 16:10:00",95,89
"2017-08-23 16:15:00",93,83
"2017-08-23 16:20:00",97,85
"2017-08-23 16:25:00",93,110
"2017-08-23 16:30:00",96,79
"2017-08-23 16:35:00",98,88
"2017-08-23 16:40:00",94,102
"2017-08-23 16:45:00",97,76
"2017-08-23 16:50:00",92,98
"2017-08-23 16:55:00",97,87
"2017-08-23 17:00:00",100,89
"2017-08-23 17:05:00",97,89
"2017-08-23 17:10:00",97,89
"2017-08-23 17:15:00",97,94
"2017-08-23 17:20:00",98,81
"2017-08-23 17:25:00",97,77
"2017-08-23 17:30:00",96,85
"2017-08-23 17:35:00",99,75
"2017-08-23 17:40:00",98,94
"2017-08-23 17:45:00",99,89
"2017-08-23 18:00:00",99,99
"2017-08-23 18:05:00",102,72
"2017-08-23 18:10:00",95,71
"2017-08-23 18:15:00",101,81
"2017-08-23 18:20:00",101,75
"2017-08-23 18:25:00",99,84
"2017-08-23 18:30:00",103,79
"2017-08-23 18:35:00",96,67
"2017-08-23 18:40:00",99,73
"2017-08-23 18:45:00",103,63
"2017-08-23 18:50:00",101,62
"2017-08-23 18:55:00",95,66
"2017-08-23 19:00:00",95,52
"2017-08-23 19:05:00",98,54
"2017-08-23 19:10:00",99,54
"2017-08-23 19:15:00",99,54
"2017-08-23 19:20:00",99,63
"2017-08-23 19:25:00",99,57
"2017-08-23 19:30:00",97,51
"2017-08-23 19:35:00",95,65
"2017-08-23 19:40:00",94,57
"2017-08-23 19:45:00",100,49
"2017-08-23 19:50:00",102,54
"2017-08-23 19:55:00",98,51
"2017-08-23 20:00:00",98,66
"2017-08-23 20:05:00",96,51
"2017-08-23 20:10:00",101,46
"2017-08-23 20:15:00",104,54
"2017-08-23 20:20:00",98,48
"2017-08-23 20:25:00",97,49
"2017-08-23 20:30:00",95,46
"2017-08-23 20:35:00",96,42
"2017-08-23 20:40:00",97,58
"2017-08-23 20:45:00",92,52
"2017-08-23 20:50:00",98,56
"2017-08-23 20:55:00",96,52
"2017-08-23 21:00:00",93,50
"2017-08-23 21:05:00",99,35
"2017-08-23 21:10:00",98,47
"2017-08-23 21:15:00",102,49
"2017-08-23 21:20:00",100,40
"2017-08-23 21:25:00",102,45
"2017-08-23 21:30:00",99,44
"2017-08-23 21:35:00",100,53
"2017-08-23 21:40:00",99,58
"2017-08-23 21:45:00",97,48
"2017-08-23 21:50:00",95,44
"2017-08-23 21:55:00",97,49
"2017-08-23 22:00:00",100,36
"2017-08-23 22:05:00",100,32
"2017-08-23 22:10:00",98,45
"2017-08-23 22:15:00",99,31
"2017-08-23 22:20:00",99,38
"2017-08-23 22:25:00",101,28
"2017-08-23 22:30:00",99,38
"2017-08-23 22:35:00",101,37
"2017-08-23 22:40:00",99,30
"2017-08-23 22:45:00",102,29
"2017-08-23 22:50:00",98,32
"2017-08-23 22:55:00",98,28
"2017-08-23 23:00:00",98,32
"2017-08-23 23:05:00",100,24
"2017-08-23 23:10:00",101,35
"2017-08-23 23:15:00",100,26
"2017-08-23 23:20:00",100,23
"2017-08-23 23:25:00",102,30
"2017-08-23 23:30:00",103,27
"2017-08-23 23:35:00",102,18
"2017-08-23 23:40:00",99,27
"2017-08-23 23:45:00",100,24
"2017-08-23 23:50:00",104,28
"2017-08-23 23:55:00",110,22
"2017-08-24 00:00:00",99,23
"2017-08-24 00:05:00",102,17
"2017-08-24 00:10:00",101,17
"2017-08-24 00:15:00",105,18
"2017-08-24 00:20:00",104,25
"2017-08-24 00:25:00",105,17
"2017-08-24 00:30:00",105,18
"2017-08-24 00:35:00",101,16
"2017-08-24 00:40:00",100,24
"2017-08-24 00:45:00",99,10
"2017-08-24 00:50:00",100,23
"2017-08-24 00:55:00",98,11
"2017-08-24 01:00:00",103,13
"2017-08-24 01:05:00",102,13
"2017-08-24 01:10:00",98,17
"2017-08-24 01:15:00",97,11
"2017-08-24 01:20:00",101,14
"2017-08-24 01:25:00",98,21
"2017-08-24 01:30:00",100,12
"2017-08-24 01:35:00",98,18
"2017-08-24 01:40:00",103,12
"2017-08-24 01:45:00",93,14
"2017-08-24 01:50:00",101,11
"2017-08-24 01:55:00",101,18
"2017-08-24 02:00:00",97,13
"2017-08-24 02:05:00",103,15
"2017-08-24 02:10:00",100,9
"2017-08-24 02:15:00",105,13
"2017-08-24 02:20:00",108,7
"2017-08-24 02:25:00",98,8
"2017-08-24 02:30:00",100,12
"2017-08-24 02:35:00",97,14
"2017-08-24 02:40:00",102,7
"2017-08-24 02:45:00",107,11
"2017-08-24 02:50:00",104,12
"2017-08-24 02:55:00",96,14
"2017-08-24 03:00:00",96,5
"2017-08-24 03:05:00",93,4
"2017-08-24 03:10:00",99,12
"2017-08-24 03:15:00",92,12
"2017-08-24 03:20:00",106,8
"2017-08-24 03:25:00",100,10
"2017-08-24 03:30:00",107,7
"2017-08-24 03:35:00",103,10
"2017-08-24 03:40:00",100,8
"2017-08-24 03:45:00",98,14
"2017-08-24 03:50:00",97,6
"2017-08-24 03:55:00",97,7
"2017-08-24 04:00:00",101,15
"2017-08-24 04:05:00",105,11
"2017-08-24 04:10:00",101,9
"2017-08-24 04:15:00",101,11
"2017-08-24 04:20:00",100,9
"2017-08-24 04:25:00",100,7
"2017-08-24 04:30:00",96,10
"2017-08-24 04:35:00",103,10
"2017-08-24 04:40:00",98,12
"2017-08-24 04:45:00",102,10
"2017-08-24 04:50:00",101,14
"2017-08-24 04:55:00",93,13
"2017-08-24 05:00:00",94,17
"2017-08-24 05:05:00",112,7
"2017-08-24 05:10:00",106,14
"2017-08-24 05:15:00",100,11
"2017-08-24 05:20:00",102,18
"2017-08-24 05:25:00",104,13
"2017-08-24 05:30:00",102,22
"2017-08-24 05:35:00",101,24
"2017-08-24 05:40:00",104,14
"2017-08-24 05:45:00",101,16
"2017-08-24 05:50:00",101,25
"2017-08-24 05:55:00",100,25
"2017-08-24 06:00:00",107,22
"2017-08-24 06:05:00",101,32
"2017-08-24 06:10:00",104,26
"2017-08-24 06:15:00",106,29
"2017-08-24 06:20:00",98,39
"2017-08-24 06:25:00",100,37
"2017-08-24 06:30:00",104,42
"2017-08-24 06:35:00",100,33
"2017-08-24 06:40:00",101,45
"2017-08-24 06:45:00",94,45
"2017-08-24 06:50:00",95,42
"2017-08-24 06:55:00",88,51
"2017-08-24 07:00:00",86,67
"2017-08-24 07:05:00",90,57
"2017-08-24 07:10:00",91,54
"2017-08-24 07:15:00",91,55
"2017-08-24 07:20:00",95,62
"2017-08-24 07:25:00",89,67
"2017-08-24 07:30:00",89,54
"2017-08-24 07:35:00",96,57
"2017-08-24 07:40:00",92,78
"2017-08-24 07:45:00",92,77
"2017-08-24 07:50:00",97,60
"2017-08-24 07:55:00",92,78
"2017-08-24 08:00:00",91,67
"2017-08-24 08:05:00",94,81
"2017-08-24 08:10:00",89,87
"2017-08-24 08:15:00",94,58
"2017-08-24 08:20:00",89,78
"2017-08-24 08:25:00",87,83
"2017-08-24 08:30:00",89,90
"2017-08-24 08:35:00",90,91
"2017-08-24 08:40:00",86,98
"2017-08-24 08:45:00",87,91
"2017-08-24 08:50:00",90,90
"2017-08-24 08:55:00",88,88
"2017-08-24 09:00:00",87,94
"2017-08-24 09:05:00",88,74
"2017-08-24 09:10:00",84,124
"2017-08-24 09:15:00",88,93
"2017-08-24 09:20:00",88,106
"2017-08-24 09:25:00",85,78
"2017-08-24 09:30:00",88,102
"2017-08-24 09:35:00",87,108
"2017-08-24 09:40:00",86,101
"2017-08-24 09:45:00",85,110
"2017-08-24 09:50:00",88,93
"2017-08-24 15:55:00",88,118
"2017-08-24 16:00:00",85,108
"2017-08-24 16:05:00",90,113
"2017-08-24 16:10:00",95,93
"2017-08-24 16:15:00",100,89
"2017-08-24 16:20:00",96,87
"2017-08-24 16:25:00",93,86
"2017-08-24 16:30:00",92,96
"2017-08-24 16:35:00",99,89
"2017-08-24 16:40:00",97,92
"2017-08-24 16:45:00",98,103
"2017-08-24 16:50:00",94,110
"2017-08-24 16:55:00",100,88
"2017-08-24 17:00:00",95,91
"2017-08-24 17:05:00",95,93
"2017-08-24 17:10:00",96,103
"2017-08-24 17:15:00",94,108
"2017-08-24 17:20:00",95,112
"2017-08-24 17:25:00",95,91
"2017-08-24 17:30:00",98,122
"2017-08-24 17:35:00",95,106
"2017-08-24 17:40:00",101,85
"2017-08-24 17:45:00",102,88
"2017-08-24 17:50:00",100,87
"2017-08-24 17:55:00",99,86
"2017-08-24 18:00:00",98,95
"2017-08-24 18:05:00",101,79
"2017-08-24 18:10:00",103,79
"2017-08-24 18:15:00",97,78
"2017-08-24 18:20:00",98,75
"2017-08-24 18:25:00",98,75
"2017-08-24 18:30:00",96,79
"2017-08-24 18:35:00",97,69
"2017-08-24 18:40:00",99,66
"2017-08-24 18:45:00",96,63
"2017-08-24 18:50:00",96,65
"2017-08-24 18:55:00",94,50
"2017-08-24 19:00:00",97,77
"2017-08-24 19:05:00",102,51
"2017-08-24 19:10:00",100,61
"2017-08-24 19:15:00",92,48
"2017-08-24 19:20:00",97,57
"2017-08-24 19:25:00",97,66
"2017-08-24 19:30:00",100,65
"2017-08-24 19:35:00",101,52
"2017-08-24 19:40:00",99,60
"2017-08-24 19:45:00",99,58
"2017-08-24 19:50:00",99,44
"2017-08-24 19:55:00",99,56
"2017-08-24 20:00:00",101,56
"2017-08-24 20:05:00",99,50
"2017-08-24 20:10:00",99,53
"2017-08-24 20:15:00",98,44
"2017-08-24 20:20:00",97,40
"2017-08-24 20:25:00",103,51
"2017-08-24 20:30:00",99,45
"2017-08-24 20:35:00",99,50
"2017-08-24 20:40:00",100,43
"2017-08-24 20:45:00",100,51
"2017-08-24 20:50:00",101,47
"2017-08-24 20:55:00",101,45
"2017-08-24 21:00:00",99,49
"2017-08-24 21:05:00",102,46
"2017-08-24 21:10:00",102,41
"2017-08-24 21:15:00",101,43
"2017-08-24 21:20:00",100,49
"2017-08-24 21:25:00",97,46
"2017-08-24 21:30:00",103,47
"2017-08-24 21:35:00",99,40
"2017-08-24 21:40:00",100,43
"2017-08-24 21:45:00",106,55
"2017-08-24 21:50:00",101,41
"2017-08-24 21:55:00",102,48
"2017-08-24 22:00:00",99,40
"2017-08-24 22:05:00",101,36
"2017-08-24 22:10:00",101,38
"2017-08-24 22:15:00",94,39
"2017-08-24 22:20:00",99,38
"2017-08-24 22:25:00",102,43
"2017-08-24 22:30:00",102,28
"2017-08-24 22:35:00",100,33
"2017-08-24 22:40:00",101,29
"2017-08-24 22:45:00",99,34
"2017-08-24 22:50:00",98,25
"2017-08-24 22:55:00",101,32
"2017-08-24 23:00:00",104,31
"2017-08-24 23:05:00",98,24
"2017-08-24 23:10:00",96,31
"2017-08-24 23:15:00",101,28
"2017-08-24 23:20:00",102,17
"2017-08-24 23:25:00",104,23
"2017-08-24 23:30:00",103,23
"2017-08-24 23:35:00",100,21
"2017-08-24 23:40:00",99,24
"2017-08-24 23:45:00",105,24
"2017-08-24 23:50:00",100,16
"2017-08-24 23:55:00",97,16
"2017-08-25 00:00:00",100,24
"2017-08-25 00:05:00",100,16
"2017-08-25 00:10:00",99,18
"2017-08-25 00:15:00",104,23
"2017-08-25 00:20:00",98,22
"2017-08-25 00:25:00",107,16
"2017-08-25 00:30:00",108,15
"2017-08-25 00:35:00",99,12
"2017-08-25 00:40:00",101,15
"2017-08-25 00:45:00",89,17
"2017-08-25 00:50:00",105,20
"2017-08-25 00:55:00",103,16
"2017-08-25 01:00:00",100,13
"2017-08-25 01:05:00",100,15
"2017-08-25 01:10:00",101,10
"2017-08-25 01:15:00",99,14
"2017-08-25 01:20:00",102,20
"2017-08-25 01:25:00",103,10
"2017-08-25 01:30:00",107,12
"2017-08-25 01:35:00",102,11
"2017-08-25 01:40:00",103,11
"2017-08-25 01:45:00",100,9
"2017-08-25 01:50:00",103,12
"2017-08-25 01:55:00",104,9
"2017-08-25 02:00:00",105,10
"2017-08-25 02:05:00",98,9
"2017-08-25 02:10:00",100,18
"2017-08-25 02:15:00",103,12
"2017-08-25 02:20:00",105,11
"2017-08-25 02:25:00",103,6
"2017-08-25 02:30:00",99,13
"2017-08-25 02:35:00",110,4
"2017-08-25 02:40:00",103,10
"2017-08-25 02:45:00",97,10
"2017-08-25 02:50:00",99,9
"2017-08-25 02:55:00",102,13
"2017-08-25 03:00:00",105,10
"2017-08-25 03:05:00",104,11
"2017-08-25 03:10:00",103,7
"2017-08-25 03:15:00",107,9
"2017-08-25 03:20:00",98,11
"2017-08-25 03:25:00",108,8
"2017-08-25 03:30:00",97,6
"2017-08-25 03:35:00",101,10
"2017-08-25 03:40:00",100,8
"2017-08-25 03:45:00",82,5
"2017-08-25 03:50:00",105,4
"2017-08-25 03:55:00",102,6
"2017-08-25 04:00:00",106,16
"2017-08-25 04:05:00",97,14
"2017-08-25 04:10:00",90,13
"2017-08-25 04:15:00",107,13
"2017-08-25 04:20:00",101,9
"2017-08-25 04:25:00",93,7
"2017-08-25 04:30:00",93,9
"2017-08-25 04:35:00",91,8
"2017-08-25 04:40:00",104,7
"2017-08-25 04:45:00",100,10
"2017-08-25 04:50:00",98,15
"2017-08-25 04:55:00",104,11
"2017-08-25 05:00:00",99,9
"2017-08-25 05:05:00",104,14
"2017-08-25 05:10:00",102,17
"2017-08-25 05:15:00",100,15
"2017-08-25 05:20:00",99,19
"2017-08-25 05:25:00",104,18
"2017-08-25 05:30:00",109,24
"2017-08-25 05:35:00",96,16
"2017-08-25 05:40:00",103,19
"2017-08-25 05:45:00",100,21
"2017-08-25 05:50:00",104,21
"2017-08-25 05:55:00",97,14
"2017-08-25 06:00:00",102,20
"2017-08-25 06:05:00",99,18
"2017-08-25 06:10:00",99,26
"2017-08-25 06:15:00",103,30
"2017-08-25 06:20:00",101,21
"2017-08-25 06:25:00",98,26
"2017-08-25 06:30:00",98,27
"2017-08-25 06:35:00",100,25
"2017-08-25 06:40:00",101,39
"2017-08-25 06:45:00",100,33
"2017-08-25 06:50:00",105,32
"2017-08-25 06:55:00",101,40
"2017-08-25 07:00:00",101,46
"2017-08-25 07:05:00",101,39
"2017-08-25 07:10:00",93,46
"2017-08-25 07:15:00",96,51
"2017-08-25 07:20:00",99,49
"2017-08-25 07:25:00",104,46
"2017-08-25 07:30:00",104,57
"2017-08-25 07:35:00",103,67
"2017-08-25 07:40:00",103,56
"2017-08-25 07:45:00",104,53
"2017-08-25 07:50:00",99,61
"2017-08-25 07:55:00",101,67
"2017-08-25 08:00:00",102,60
"2017-08-25 08:05:00",101,72
"2017-08-25 08:10:00",101,71
"2017-08-25 08:15:00",98,58
"2017-08-25 08:20:00",103,77
"2017-08-25 08:25:00",101,71
"2017-08-25 08:30:00",98,69
"2017-08-25 08:35:00",99,77
"2017-08-25 08:40:00",99,73
"2017-08-25 08:45:00",100,68
"2017-08-25 08:50:00",99,69
"2017-08-25 08:55:00",99,82
"2017-08-25 09:00:00",101,69
"2017-08-25 09:05:00",96,71
"2017-08-25 09:10:00",101,71
"2017-08-25 09:15:00",99,81
"2017-08-25 09:20:00",98,92
"2017-08-25 09:25:00",97,89
"2017-08-25 09:30:00",99,80
"2017-08-25 09:35:00",96,67
"2017-08-25 09:40:00",97,74
"2017-08-25 09:45:00",95,87
"2017-08-25 09:50:00",98,80
"2017-08-25 09:55:00",95,68
"2017-08-25 10:00:00",99,83
"2017-08-25 10:05:00",96,79
"2017-08-25 10:10:00",98,73
"2017-08-25 10:15:00",95,67
"2017-08-25 10:20:00",97,67
"2017-08-25 10:25:00",96,70
"2017-08-25 10:30:00",97,78
"2017-08-25 10:35:00",98,71
"2017-08-25 10:40:00",98,82
"2017-08-25 10:45:00",98,72
"2017-08-25 10:50:00",98,68
"2017-08-25 10:55:00",97,71
"2017-08-25 11:00:00",96,83
"2017-08-25 11:05:00",97,69
"2017-08-25 11:10:00",98,87
"2017-08-25 11:15:00",101,83
"2017-08-25 11:20:00",98,60
"2017-08-25 11:25:00",98,69
"2017-08-25 11:30:00",97,73
"2017-08-25 11:35:00",100,72
"2017-08-25 11:40:00",96,54
"2017-08-25 11:45:00",98,64
"2017-08-25 11:50:00",97,63
"2017-08-25 11:55:00",95,66
"2017-08-25 12:00:00",100,61
"2017-08-25 12:05:00",100,68
"2017-08-25 12:10:00",99,64
"2017-08-25 12:15:00",98,65
"2017-08-25 12:20:00",102,53
"2017-08-25 12:25:00",97,61
"2017-08-25 12:30:00",98,53
"2017-08-25 12:35:00",98,67
"2017-08-25 12:40:00",100,67
"2017-08-25 12:45:00",99,63
"2017-08-25 12:50:00",96,79
"2017-08-25 12:55:00",97,67
"2017-08-25 13:00:00",99,77
"2017-08-25 13:05:00",99,89
"2017-08-25 13:10:00",98,85
"2017-08-25 13:15:00",100,85
"2017-08-25 13:20:00",100,69
"2017-08-25 13:25:00",100,83
"2017-08-25 13:30:00",98,88
"2017-08-25 13:35:00",99,89
"2017-08-25 13:40:00",94,83
"2017-08-25 13:45:00",101,91
"2017-08-25 13:50:00",98,105
"2017-08-25 13:55:00",93,102
"2017-08-25 14:00:00",98,99
"2017-08-25 14:05:00",96,89
"2017-08-25 14:10:00",98,84
"2017-08-25 14:15:00",95,92
"2017-08-25 14:20:00",96,80
"2017-08-25 14:25:00",93,79
"2017-08-25 14:30:00",91,94
"2017-08-25 14:35:00",91,111
"2017-08-25 14:40:00",89,89
"2017-08-25 14:45:00",94,95
"2017-08-25 14:50:00",95,92
"2017-08-25 14:55:00",85,119
"2017-08-25 15:00:00",87,92
"2017-08-25 15:05:00",86,110
"2017-08-25 15:10:00",91,105
"2017-08-25 15:15:00",89,88
"2017-08-25 15:20:00",82,100
"2017-08-25 15:25:00",79,110
"2017-08-25 15:30:00",85,111
"2017-08-25 15:35:00",84,103
"2017-08-25 15:40:00",85,115
"2017-08-25 15:45:00",86,83
"2017-08-25 15:50:00",58,111
"2017-08-25 15:55:00",85,104
"2017-08-25 16:00:00",85,119
"2017-08-25 16:05:00",93,99
"2017-08-25 16:10:00",93,87
"2017-08-25 16:15:00",87,117
"2017-08-25 16:20:00",89,119
"2017-08-25 16:25:00",88,113
"2017-08-25 16:30:00",90,96
"2017-08-25 16:35:00",93,92
"2017-08-25 16:40:00",94,104
"2017-08-25 16:45:00",86,96
"2017-08-25 16:50:00",90,109
"2017-08-25 16:55:00",85,99
"2017-08-25 17:00:00",73,96
"2017-08-25 17:05:00",85,129
"2017-08-25 17:10:00",87,100
"2017-08-25 17:15:00",88,109
"2017-08-25 17:20:00",90,112
"2017-08-25 17:25:00",93,95
"2017-08-25 17:30:00",93,97
"2017-08-25 17:35:00",93,106
"2017-08-25 17:40:00",92,101
"2017-08-25 17:45:00",95,108
"2017-08-25 17:50:00",99,122
"2017-08-25 17:55:00",94,103
"2017-08-25 18:00:00",98,83
"2017-08-25 18:05:00",99,92
"2017-08-25 18:10:00",95,96
"2017-08-25 18:15:00",101,83
"2017-08-25 18:20:00",101,79
"2017-08-25 18:25:00",98,74
"2017-08-25 18:30:00",95,80
"2017-08-25 18:35:00",97,80
"2017-08-25 18:40:00",95,92
"2017-08-25 18:45:00",95,74
"2017-08-25 18:50:00",96,71
"2017-08-25 18:55:00",94,62
"2017-08-25 19:00:00",92,86
"2017-08-25 19:05:00",97,68
"2017-08-25 19:10:00",101,62
"2017-08-25 19:15:00",95,73
"2017-08-25 19:20:00",97,67
"2017-08-25 19:25:00",98,60
"2017-08-25 19:30:00",95,69
"2017-08-25 19:35:00",101,53
"2017-08-25 19:40:00",96,57
"2017-08-25 19:45:00",97,68
"2017-08-25 19:50:00",96,49
"2017-08-25 19:55:00",94,54
"2017-08-25 20:00:00",101,69
"2017-08-25 20:05:00",100,66
"2017-08-25 20:10:00",99,57
"2017-08-25 20:15:00",94,58
"2017-08-25 20:20:00",96,62
"2017-08-25 20:25:00",102,47
"2017-08-25 20:30:00",95,64
"2017-08-25 20:35:00",99,72
"2017-08-25 20:40:00",103,52
"2017-08-25 20:45:00",98,57
"2017-08-25 20:50:00",100,47
"2017-08-25 20:55:00",98,51
"2017-08-25 21:00:00",100,52
"2017-08-25 21:05:00",99,53
"2017-08-25 21:10:00",99,56
"2017-08-25 21:15:00",99,40
"2017-08-25 21:20:00",100,53
"2017-08-25 21:25:00",101,44
"2017-08-25 21:30:00",99,42
"2017-08-25 21:35:00",100,49
"2017-08-25 21:40:00",100,51
"2017-08-25 21:45:00",101,34
"2017-08-25 21:50:00",104,40
"2017-08-25 21:55:00",102,42
"2017-08-25 22:00:00",99,37
"2017-08-25 22:05:00",93,48
"2017-08-25 22:10:00",102,34
"2017-08-25 22:15:00",101,34
"2017-08-25 22:20:00",104,45
"2017-08-25 22:25:00",99,38
"2017-08-25 22:30:00",96,24
"2017-08-25 22:35:00",100,36
"2017-08-25 22:40:00",102,35
"2017-08-25 22:45:00",99,21
"2017-08-25 22:50:00",100,40
"2017-08-25 22:55:00",101,30
"2017-08-25 23:00:00",105,28
"2017-08-25 23:05:00",99,28
"2017-08-25 23:10:00",100,32
"2017-08-25 23:15:00",104,29
"2017-08-25 23:20:00",104,29
"2017-08-25 23:25:00",103,30
"2017-08-25 23:30:00",97,33
"2017-08-25 23:35:00",99,14
"2017-08-25 23:40:00",105,25
"2017-08-25 23:45:00",105,24
"2017-08-25 23:50:00",104,17
"2017-08-25 23:55:00",95,15
"2017-08-26 00:00:00",106,14
"2017-08-26 00:05:00",105,21
"2017-08-26 00:10:00",98,15
"2017-08-26 00:15:00",100,20
"2017-08-26 00:20:00",108,21
"2017-08-26 00:25:00",97,17
"2017-08-26 00:30:00",100,20
"2017-08-26 00:35:00",101,16
"2017-08-26 00:40:00",97,15
"2017-08-26 00:45:00",102,17
"2017-08-26 00:50:00",100,16
"2017-08-26 00:55:00",103,20
"2017-08-26 01:00:00",96,18
"2017-08-26 01:05:00",96,20
"2017-08-26 01:10:00",99,17
"2017-08-26 01:15:00",98,16
"2017-08-26 01:20:00",104,12
"2017-08-26 01:25:00",104,14
"2017-08-26 01:30:00",104,9
"2017-08-26 01:35:00",103,18
"2017-08-26 01:40:00",93,6
"2017-08-26 01:45:00",106,12
"2017-08-26 01:50:00",94,11
"2017-08-26 01:55:00",103,8
"2017-08-26 02:00:00",106,17
"2017-08-26 02:05:00",104,13
"2017-08-26 02:10:00",103,8
"2017-08-26 02:15:00",100,14
"2017-08-26 02:20:00",96,7
"2017-08-26 02:25:00",100,14
"2017-08-26 02:30:00",101,11
"2017-08-26 02:35:00",104,10
"2017-08-26 02:40:00",102,6
"2017-08-26 02:45:00",110,8
"2017-08-26 02:50:00",103,9
"2017-08-26 02:55:00",98,11
"2017-08-26 03:00:00",106,16
"2017-08-26 03:05:00",103,11
"2017-08-26 03:10:00",100,12
"2017-08-26 03:15:00",103,7
"2017-08-26 03:20:00",104,11
"2017-08-26 03:25:00",108,5
"2017-08-26 03:30:00",106,10
"2017-08-26 03:35:00",99,6
"2017-08-26 03:40:00",101,8
"2017-08-26 03:45:00",108,9
"2017-08-26 03:50:00",90,11
"2017-08-26 03:55:00",103,7
"2017-08-26 04:00:00",105,7
"2017-08-26 04:05:00",105,5
"2017-08-26 04:10:00",107,14
"2017-08-26 04:15:00",105,5
"2017-08-26 04:20:00",103,11
"2017-08-26 04:25:00",94,8
"2017-08-26 04:30:00",104,10
"2017-08-26 04:35:00",98,11
"2017-08-26 04:40:00",97,8
"2017-08-26 04:45:00",96,6
"2017-08-26 04:50:00",91,10
"2017-08-26 04:55:00",94,15
"2017-08-26 05:00:00",100,6
"2017-08-26 05:05:00",99,10
"2017-08-26 05:10:00",101,15
"2017-08-26 05:15:00",108,12
"2017-08-26 05:20:00",104,13
"2017-08-26 05:25:00",100,16
"2017-08-26 05:30:00",97,19
"2017-08-26 05:35:00",101,22
"2017-08-26 05:40:00",99,24
"2017-08-26 05:45:00",102,15
"2017-08-26 05:50:00",103,23
"2017-08-26 05:55:00",100,21
"2017-08-26 06:00:00",99,24
"2017-08-26 06:05:00",104,21
"2017-08-26 06:10:00",103,32
"2017-08-26 06:15:00",104,27
"2017-08-26 06:20:00",103,32
"2017-08-26 06:25:00",100,29
"2017-08-26 06:30:00",107,28
"2017-08-26 06:35:00",101,33
"2017-08-26 06:40:00",105,30
"2017-08-26 06:45:00",103,42
"2017-08-26 06:50:00",102,43
"2017-08-26 06:55:00",103,35
"2017-08-26 07:00:00",100,36
"2017-08-26 07:05:00",100,32
"2017-08-26 07:10:00",106,36
"2017-08-26 07:15:00",101,55
"2017-08-26 07:20:00",106,49
"2017-08-26 07:25:00",102,48
"2017-08-26 07:30:00",99,45
"2017-08-26 07:35:00",102,57
"2017-08-26 07:40:00",100,58
"2017-08-26 07:45:00",100,60
"2017-08-26 07:50:00",102,54
"2017-08-26 07:55:00",101,73
"2017-08-26 08:00:00",101,55
"2017-08-26 08:05:00",100,60
"2017-08-26 08:10:00",98,62
"2017-08-26 08:15:00",97,66
"2017-08-26 08:20:00",98,77
"2017-08-26 08:25:00",102,71
"2017-08-26 08:30:00",100,79
"2017-08-26 08:35:00",98,85
"2017-08-26 08:40:00",94,88
"2017-08-26 08:45:00",95,85
"2017-08-26 08:50:00",92,65
"2017-08-26 08:55:00",95,87
"2017-08-26 09:00:00",97,95
"2017-08-26 09:05:00",95,74
"2017-08-26 09:10:00",85,100
"2017-08-26 09:15:00",86,106
"2017-08-26 09:20:00",91,98
"2017-08-26 09:25:00",92,89
"2017-08-26 09:30:00",87,130
"2017-08-26 09:35:00",91,101
"2017-08-26 09:40:00",86,113
"2017-08-26 09:45:00",84,90
"2017-08-26 09:50:00",88,101
"2017-08-26 09:55:00",90,120
"2017-08-26 10:00:00",92,81
"2017-08-26 10:05:00",94,102
"2017-08-26 10:10:00",94,95
"2017-08-26 10:15:00",90,119
"2017-08-26 10:20:00",97,97
"2017-08-26 10:25:00",96,94
"2017-08-26 10:30:00",95,101
"2017-08-26 10:35:00",94,92
"2017-08-26 10:40:00",99,94
"2017-08-26 10:45:00",94,95
"2017-08-26 10:50:00",96,93
"2017-08-26 10:55:00",98,91
"2017-08-26 11:00:00",96,88
"2017-08-26 11:05:00",100,69
"2017-08-26 11:10:00",103,75
"2017-08-26 11:15:00",99,79
"2017-08-26 11:20:00",100,90
"2017-08-26 11:25:00",99,84
"2017-08-26 11:30:00",98,82
"2017-08-26 11:35:00",100,75
"2017-08-26 11:40:00",101,81
"2017-08-26 11:45:00",102,58
"2017-08-26 11:50:00",98,64
"2017-08-26 11:55:00",102,63
"2017-08-26 12:00:00",96,65
"2017-08-26 12:05:00",100,75
"2017-08-26 12:10:00",100,65
"2017-08-26 12:15:00",99,73
"2017-08-26 12:20:00",101,71
"2017-08-26 12:25:00",103,57
"2017-08-26 12:30:00",102,72
"2017-08-26 12:35:00",99,76
"2017-08-26 12:40:00",97,67
"2017-08-26 12:45:00",98,80
"2017-08-26 12:50:00",95,71
"2017-08-26 12:55:00",98,78
"2017-08-26 13:00:00",99,67
"2017-08-26 13:05:00",96,75
"2017-08-26 13:10:00",97,86
"2017-08-26 13:15:00",99,63
"2017-08-26 13:20:00",98,82
"2017-08-26 13:25:00",102,79
"2017-08-26 13:30:00",96,80
"2017-08-26 13:35:00",98,88
"2017-08-26 13:40:00",98,79
"2017-08-26 13:45:00",97,90
"2017-08-26 13:50:00",95,83
"2017-08-26 13:55:00",98,79
"2017-08-26 14:00:00",98,90
"2017-08-26 14:05:00",99,70
"2017-08-26 14:10:00",97,83
"2017-08-26 14:15:00",98,82
"2017-08-26 14:20:00",95,89
"2017-08-26 14:25:00",97,102
"2017-08-26 14:30:00",98,93
"2017-08-26 14:35:00",93,82
"2017-08-26 14:40:00",97,98
"2017-08-26 14:45:00",98,94
"2017-08-26 14:50:00",96,105
"2017-08-26 14:55:00",94,94
"2017-08-26 15:00:00",94,98
"2017-08-26 15:05:00",97,104
"2017-08-26 15:10:00",95,84
"2017-08-26 15:15:00",97,91
"2017-08-26 15:20:00",96,90
"2017-08-26 15:25:00",97,86
"2017-08-26 15:30:00",96,91
"2017-08-26 15:35:00",96,84
"2017-08-26 15:40:00",96,102
"2017-08-26 15:45:00",95,93
"2017-08-26 15:50:00",96,108
"2017-08-26 15:55:00",96,97
"2017-08-26 16:00:00",95,111
"2017-08-26 16:05:00",94,97
"2017-08-26 16:10:00",97,99
"2017-08-26 16:15:00",96,102
"2017-08-26 16:20:00",96,114
"2017-08-26 16:25:00",98,101
"2017-08-26 16:30:00",100,106
"2017-08-26 16:35:00",96,99
"2017-08-26 16:40:00",93,111
"2017-08-26 16:45:00",93,108
"2017-08-26 16:50:00",99,88
"2017-08-26 16:55:00",98,81
"2017-08-26 17:00:00",97,96
"2017-08-26 17:05:00",98,99
"2017-08-26 17:10:00",95,118
"2017-08-26 17:15:00",101,84
"2017-08-26 17:20:00",96,91
"2017-08-26 17:25:00",99,96
"2017-08-26 17:30:00",98,86
"2017-08-26 17:35:00",101,84
"2017-08-26 17:40:00",99,91
"2017-08-26 17:45:00",101,91
"2017-08-26 17:50:00",102,88
"2017-08-26 17:55:00",98,105
"2017-08-26 18:00:00",101,62
"2017-08-26 18:05:00",99,94
"2017-08-26 18:10:00",100,81
"2017-08-26 18:15:00",100,85
"2017-08-26 18:20:00",101,91
"2017-08-26 18:25:00",99,70
"2017-08-26 18:30:00",99,82
"2017-08-26 18:35:00",97,77
"2017-08-26 18:40:00",100,83
"2017-08-26 18:45:00",98,74
"2017-08-26 18:50:00",97,60
"2017-08-26 18:55:00",94,67
"2017-08-26 19:00:00",97,67
"2017-08-26 19:05:00",96,65
"2017-08-26 19:10:00",94,61
"2017-08-26 19:15:00",97,73
"2017-08-26 19:20:00",101,54
"2017-08-26 19:25:00",98,54
"2017-08-26 19:30:00",97,50
"2017-08-26 19:35:00",97,60
"2017-08-26 19:40:00",100,54
"2017-08-26 19:45:00",98,56
"2017-08-26 19:50:00",97,61
"2017-08-26 19:55:00",102,66
"2017-08-26 20:00:00",98,51
"2017-08-26 20:05:00",100,53
"2017-08-26 20:10:00",98,52
"2017-08-26 20:15:00",102,53
"2017-08-26 20:20:00",96,56
"2017-08-26 20:25:00",99,46
"2017-08-26 20:30:00",96,50
"2017-08-26 20:35:00",99,51
"2017-08-26 20:40:00",100,55
"2017-08-26 20:45:00",98,50
"2017-08-26 20:50:00",97,57
"2017-08-26 20:55:00",100,58
"2017-08-26 21:00:00",94,66
"2017-08-26 21:05:00",103,59
"2017-08-26 21:10:00",97,58
"2017-08-26 21:15:00",102,50
"2017-08-26 21:20:00",102,49
"2017-08-26 21:25:00",103,52
"2017-08-26 21:30:00",101,46
"2017-08-26 21:35:00",99,51
"2017-08-26 21:40:00",99,51
"2017-08-26 21:45:00",102,49
"2017-08-26 21:50:00",102,46
"2017-08-26 21:55:00",99,47
"2017-08-26 22:00:00",95,50
"2017-08-26 22:05:00",100,35
"2017-08-26 22:10:00",103,45
"2017-08-26 22:15:00",100,35
"2017-08-26 22:20:00",102,33
"2017-08-26 22:25:00",98,45
"2017-08-26 22:30:00",96,42
"2017-08-26 22:35:00",98,51
"2017-08-26 22:40:00",101,32
"2017-08-26 22:45:00",102,35
"2017-08-26 22:50:00",101,36
"2017-08-27 07:00:00",105,29
"2017-08-27 07:05:00",100,37
"2017-08-27 07:10:00",103,39
"2017-08-27 07:15:00",104,47
"2017-08-27 07:20:00",102,39
"2017-08-27 07:25:00",105,38
"2017-08-27 07:30:00",101,47
"2017-08-27 07:35:00",100,49
"2017-08-27 07:40:00",101,46
"2017-08-27 07:45:00",100,62
"2017-08-27 07:50:00",98,58
"2017-08-27 07:55:00",101,48
"2017-08-27 08:00:00",101,57
"2017-08-27 08:05:00",100,54
"2017-08-27 08:10:00",100,47
"2017-08-27 08:15:00",103,64
"2017-08-27 08:20:00",96,70
"2017-08-27 08:25:00",100,67
"2017-08-27 08:30:00",99,69
"2017-08-27 08:35:00",97,82
"2017-08-27 08:40:00",96,70
"2017-08-27 08:45:00",98,71
"2017-08-27 08:50:00",99,74
"2017-08-27 08:55:00",98,73
"2017-08-27 09:00:00",99,86
"2017-08-27 09:05:00",94,79
"2017-08-27 09:10:00",100,77
"2017-08-27 09:15:00",98,75
"2017-08-27 09:20:00",96,90
"2017-08-27 09:25:00",99,80
"2017-08-27 09:30:00",95,82
"2017-08-27 09:35:00",96,91
"2017-08-27 09:40:00",102,82
"2017-08-27 09:45:00",102,83
"2017-08-27 09:50:00",99,81
"2017-08-27 09:55:00",98,79
"2017-08-27 10:00:00",97,86
"2017-08-27 10:05:00",96,89
"2017-08-27 10:10:00",99,75
"2017-08-27 10:15:00",95,91
"2017-08-27 10:20:00",98,81
"2017-08-27 10:25:00",96,107
"2017-08-27 10:30:00",95,88
"2017-08-27 10:35:00",99,88
"2017-08-27 10:40:00",96,87
"2017-08-27 10:45:00",95,77
"2017-08-27 10:50:00",98,85
"2017-08-27 10:55:00",100,78
"2017-08-27 11:00:00",95,94
"2017-08-27 11:05:00",102,65
"2017-08-27 11:10:00",101,70
"2017-08-27 11:15:00",97,65
"2017-08-27 11:20:00",99,72
"2017-08-27 11:25:00",103,72
"2017-08-27 11:30:00",97,68
"2017-08-27 11:35:00",101,72
"2017-08-27 11:40:00",100,59
"2017-08-27 11:45:00",101,62
"2017-08-27 11:50:00",101,79
"2017-08-27 11:55:00",102,55
"2017-08-27 12:00:00",98,69
"2017-08-27 12:05:00",100,67
"2017-08-27 12:10:00",98,65
"2017-08-27 12:15:00",100,59
"2017-08-27 12:20:00",98,48
"2017-08-27 12:25:00",97,65
"2017-08-27 12:30:00",101,66
"2017-08-27 12:35:00",100,63
"2017-08-27 12:40:00",100,68
"2017-08-27 12:45:00",97,74
"2017-08-27 12:50:00",100,56
"2017-08-27 13:00:00",100,61
"2017-08-27 13:05:00",94,82
"2017-08-27 13:10:00",97,81
"2017-08-27 13:15:00",99,74
"2017-08-27 13:20:00",99,85
"2017-08-27 13:25:00",98,89
"2017-08-27 13:30:00",99,87
"2017-08-27 13:35:00",99,75
"2017-08-27 13:40:00",95,83
"2017-08-27 13:45:00",96,83
"2017-08-27 13:50:00",99,84
"2017-08-27 13:55:00",99,103
"2017-08-27 14:00:00",96,100
"2017-08-27 14:05:00",95,105
"2017-08-27 14:10:00",95,105
"2017-08-27 14:15:00",97,112
"2017-08-27 14:20:00",94,101
"2017-08-27 14:25:00",96,97
"2017-08-27 14:30:00",92,111
"2017-08-27 14:35:00",91,124
"2017-08-27 14:40:00",91,121
"2017-08-27 14:45:00",93,119
"2017-08-27 14:50:00",91,121
"2017-08-27 14:55:00",90,125
"2017-08-27 15:00:00",91,126
"2017-08-27 15:05:00",89,124
"2017-08-27 15:10:00",89,113
"2017-08-27 15:15:00",90,122
"2017-08-27 15:20:00",87,132
"2017-08-27 15:25:00",86,118
"2017-08-27 15:30:00",87,125
"2017-08-27 15:35:00",93,126
"2017-08-27 15:40:00",91,107
"2017-08-27 15:45:00",90,114
"2017-08-27 15:50:00",86,126
"2017-08-27 15:55:00",91,110
"2017-08-27 16:00:00",90,119
"2017-08-27 16:05:00",92,94
"2017-08-27 16:10:00",90,115
"2017-08-27 16:15:00",92,107
"2017-08-27 16:20:00",83,110
"2017-08-27 16:25:00",83,121
"2017-08-27 16:30:00",87,120
"2017-08-27 16:35:00",78,126
"2017-08-27 16:40:00",69,142
"2017-08-27 16:45:00",63,139
"2017-08-27 16:50:00",66,154
"2017-08-27 16:55:00",66,158
"2017-08-27 17:00:00",72,161
"2017-08-27 17:05:00",76,138
"2017-08-27 17:10:00",75,156
"2017-08-27 17:15:00",70,163
"2017-08-27 17:20:00",84,131
"2017-08-27 17:25:00",85,124
"2017-08-27 17:30:00",87,138
"2017-08-27 17:35:00",88,113
"2017-08-27 17:40:00",96,110
"2017-08-27 17:45:00",97,92
"2017-08-27 17:50:00",98,103
"2017-08-27 17:55:00",97,114
"2017-08-27 18:00:00",95,110
"2017-08-27 18:05:00",93,121
"2017-08-27 18:10:00",101,91
"2017-08-27 18:15:00",93,104
"2017-08-27 18:20:00",97,99
"2017-08-27 18:25:00",99,113
"2017-08-27 18:30:00",96,97
"2017-08-27 18:35:00",99,100
"2017-08-27 18:40:00",96,92
"2017-08-27 18:45:00",96,93
"2017-08-27 18:50:00",98,84
"2017-08-27 18:55:00",97,83
"2017-08-27 19:00:00",92,94
"2017-08-27 19:05:00",95,85
"2017-08-27 19:10:00",95,97
"2017-08-27 19:15:00",92,83
"2017-08-27 19:20:00",94,95
"2017-08-27 19:25:00",93,101
"2017-08-27 19:30:00",96,93
"2017-08-27 19:35:00",93,102
"2017-08-27 19:40:00",93,84
"2017-08-27 19:45:00",94,95
"2017-08-27 19:50:00",95,87
"2017-08-27 19:55:00",99,90
"2017-08-27 20:00:00",94,97
"2017-08-27 20:05:00",95,87
"2017-08-27 20:10:00",97,80
"2017-08-27 20:15:00",96,86
"2017-08-27 20:20:00",95,80
"2017-08-27 20:25:00",96,84
"2017-08-27 20:30:00",96,80
"2017-08-27 20:35:00",95,71
"2017-08-27 20:40:00",99,73
"2017-08-27 20:45:00",97,77
"2017-08-27 20:50:00",97,75
"2017-08-27 20:55:00",97,71
"2017-08-27 21:00:00",99,82
"2017-08-27 21:05:00",98,71
"2017-08-27 21:10:00",98,69
"2017-08-27 21:15:00",96,75
"2017-08-27 21:20:00",101,71
"2017-08-27 21:25:00",100,62
"2017-08-27 21:30:00",100,71
"2017-08-27 21:35:00",97,64
"2017-08-28 07:00:00",101,85
"2017-08-28 07:05:00",100,83
"2017-08-28 07:10:00",102,99
"2017-08-28 07:15:00",103,87
"2017-08-28 07:20:00",98,102
"2017-08-28 07:25:00",97,99
"2017-08-28 07:30:00",99,97
"2017-08-28 07:35:00",101,105
"2017-08-28 07:40:00",101,106
"2017-08-28 07:45:00",98,99
"2017-08-28 07:50:00",99,110
"2017-08-28 07:55:00",101,93
"2017-08-28 08:00:00",102,87
"2017-08-28 08:05:00",100,90
"2017-08-28 08:10:00",99,82
"2017-08-28 08:15:00",97,93
"2017-08-28 08:20:00",99,105
"2017-08-28 08:25:00",99,87
"2017-08-28 08:30:00",98,112
"2017-08-28 08:35:00",97,113
"2017-08-28 08:40:00",98,91
"2017-08-28 08:45:00",97,114
"2017-08-28 08:50:00",97,92
"2017-08-28 08:55:00",97,95
"2017-08-28 09:00:00",96,110
"2017-08-28 09:05:00",91,118
"2017-08-28 09:10:00",98,89
"2017-08-28 09:15:00",95,90
"2017-08-28 09:20:00",97,104
"2017-08-28 09:25:00",98,108
"2017-08-28 09:30:00",97,107
"2017-08-28 09:35:00",97,93
"2017-08-28 09:40:00",95,104
"2017-08-28 09:45:00",96,98
"2017-08-28 09:50:00",97,90
"2017-08-28 09:55:00",96,96
"2017-08-28 10:00:00",95,118
"2017-08-28 10:05:00",98,104
"2017-08-28 10:10:00",94,112
"2017-08-28 10:15:00",93,117
"2017-08-28 10:20:00",96,105
"2017-08-28 10:25:00",98,104
"2017-08-28 10:35:00",96,95
"2017-08-28 10:40:00",101,73
"2017-08-28 10:45:00",100,78
"2017-08-28 10:50:00",93,86
"2017-08-28 10:55:00",97,75
"2017-08-28 11:00:00",97,63
"2017-08-28 11:05:00",100,67
"2017-08-28 11:10:00",101,78
"2017-08-28 11:15:00",98,69
"2017-08-28 11:20:00",95,64
"2017-08-28 11:25:00",97,67
"2017-08-28 11:30:00",102,63
"2017-08-28 11:35:00",100,65
"2017-08-28 11:40:00",101,63
"2017-08-28 11:45:00",100,66
"2017-08-28 11:50:00",99,68
"2017-08-28 11:55:00",102,61
"2017-08-28 12:00:00",103,65
"2017-08-28 12:05:00",99,75
"2017-08-28 12:10:00",97,55
"2017-08-28 12:15:00",99,68
"2017-08-28 12:20:00",97,62
"2017-08-28 12:25:00",102,61
"2017-08-28 12:30:00",100,69
"2017-08-28 12:35:00",100,62
"2017-08-28 12:40:00",97,72
"2017-08-28 12:45:00",97,72
"2017-08-28 12:50:00",101,64
"2017-08-28 12:55:00",99,74
"2017-08-28 13:00:00",99,79
"2017-08-28 13:05:00",100,86
"2017-08-28 13:10:00",95,76
"2017-08-28 13:15:00",97,85
"2017-08-28 13:20:00",97,91
"2017-08-28 13:25:00",98,84
"2017-08-28 13:30:00",98,94
"2017-08-28 13:35:00",98,89
"2017-08-28 13:40:00",96,84
"2017-08-28 13:45:00",98,78
"2017-08-28 13:50:00",98,90
"2017-08-28 13:55:00",102,71
"2017-08-28 14:00:00",92,106
"2017-08-28 14:05:00",97,102
"2017-08-28 14:10:00",99,94
"2017-08-28 14:15:00",97,96
"2017-08-28 14:20:00",99,89
"2017-08-28 14:25:00",96,80
"2017-08-28 14:30:00",97,95
"2017-08-28 14:35:00",97,92
"2017-08-28 14:40:00",98,97
"2017-08-28 14:45:00",99,84
"2017-08-28 14:50:00",96,85
"2017-08-28 14:55:00",92,98
"2017-08-28 15:00:00",91,109
"2017-08-28 15:05:00",95,99
"2017-08-28 15:10:00",97,94
"2017-08-28 15:15:00",98,90
"2017-08-28 15:20:00",98,102
"2017-08-28 15:25:00",96,88
"2017-08-28 15:30:00",96,79
"2017-08-28 15:35:00",96,88
"2017-08-28 15:40:00",97,90
"2017-08-28 15:45:00",100,88
"2017-08-28 15:50:00",95,99
"2017-08-28 15:55:00",96,100
"2017-08-28 16:00:00",98,86
"2017-08-28 16:05:00",94,78
"2017-08-28 16:10:00",99,108
"2017-08-28 16:15:00",95,101
"2017-08-28 16:20:00",94,101
"2017-08-28 16:25:00",92,100
"2017-08-28 16:30:00",95,95
"2017-08-28 16:35:00",93,106
"2017-08-28 16:40:00",96,97
"2017-08-28 16:45:00",100,83
"2017-08-28 16:50:00",99,99
"2017-08-28 16:55:00",97,92
"2017-08-28 17:00:00",99,96
"2017-08-28 17:05:00",100,79
"2017-08-28 17:10:00",95,101
"2017-08-28 17:15:00",99,95
"2017-08-28 17:20:00",97,93
"2017-08-28 17:25:00",99,78
"2017-08-28 17:30:00",96,102
"2017-08-28 17:35:00",98,87
"2017-08-28 17:40:00",101,82
"2017-08-28 17:45:00",99,95
"2017-08-28 17:50:00",92,110
"2017-08-28 17:55:00",99,90
"2017-08-28 18:00:00",96,106
"2017-08-28 18:05:00",100,87
"2017-08-28 18:10:00",99,96
"2017-08-28 18:15:00",102,83
"2017-08-28 18:20:00",99,80
"2017-08-28 18:25:00",100,82
"2017-08-28 18:30:00",97,73
"2017-08-28 18:35:00",100,71
"2017-08-28 18:40:00",101,73
"2017-08-28 18:45:00",95,64
"2017-08-28 18:50:00",97,56
"2017-08-28 18:55:00",93,48
"2017-08-28 19:00:00",98,72
"2017-08-28 19:05:00",100,66
"2017-08-28 19:10:00",94,57
"2017-08-28 19:15:00",99,69
"2017-08-28 19:20:00",99,54
"2017-08-28 19:25:00",98,50
"2017-08-28 19:30:00",102,62
"2017-08-28 19:35:00",97,54
"2017-08-28 19:40:00",97,60
"2017-08-28 19:45:00",100,55
"2017-08-28 19:50:00",100,53
"2017-08-28 19:55:00",96,59
"2017-08-28 20:00:00",98,55
"2017-08-28 20:05:00",99,52
"2017-08-28 20:10:00",100,52
"2017-08-28 20:15:00",97,63
"2017-08-28 20:20:00",97,56
"2017-08-28 20:25:00",98,47
"2017-08-28 20:30:00",95,63
"2017-08-28 20:35:00",98,58
"2017-08-28 20:40:00",97,45
"2017-08-28 20:45:00",97,54
"2017-08-28 20:50:00",98,55
"2017-08-28 20:55:00",98,60
"2017-08-28 21:00:00",100,52
"2017-08-28 21:05:00",99,44
"2017-08-28 21:10:00",98,47
"2017-08-28 21:15:00",98,49
"2017-08-28 21:20:00",98,63
"2017-08-28 21:25:00",100,53
"2017-08-28 21:30:00",102,59
"2017-08-28 21:35:00",96,60
"2017-08-28 21:40:00",99,50
"2017-08-28 21:45:00",99,56
"2017-08-28 21:50:00",97,48
"2017-08-28 21:55:00",97,41
"2017-08-28 22:00:00",97,35
"2017-08-28 22:05:00",102,44
"2017-08-28 22:10:00",97,46
"2017-08-28 22:15:00",96,48
"2017-08-28 22:20:00",102,51
"2017-08-28 22:25:00",98,44
"2017-08-28 22:30:00",97,35
"2017-08-28 22:35:00",95,35
"2017-08-28 22:40:00",98,36
"2017-08-28 22:45:00",97,39
"2017-08-28 22:50:00",100,42
"2017-08-29 07:00:00",103,44
"2017-08-29 07:05:00",106,36
"2017-08-29 07:10:00",102,41
"2017-08-29 07:15:00",100,56
"2017-08-29 07:20:00",101,50
"2017-08-29 07:25:00",103,39
"2017-08-29 07:30:00",105,53
"2017-08-29 07:35:00",104,54
"2017-08-29 07:40:00",102,55
"2017-08-29 07:45:00",105,47
"2017-08-29 07:50:00",100,63
"2017-08-29 07:55:00",105,56
"2017-08-29 08:00:00",104,52
"2017-08-29 08:05:00",98,58
"2017-08-29 08:10:00",101,67
"2017-08-29 08:15:00",100,69
"2017-08-29 08:20:00",99,63
"2017-08-29 08:25:00",102,68
"2017-08-29 08:30:00",99,58
"2017-08-29 08:35:00",100,66
"2017-08-29 08:40:00",99,64
"2017-08-29 08:45:00",100,70
"2017-08-29 08:50:00",101,63
"2017-08-29 08:55:00",96,82
"2017-08-29 09:00:00",101,84
"2017-08-29 09:05:00",98,85
"2017-08-29 09:10:00",98,78
"2017-08-29 09:15:00",97,73
"2017-08-29 09:20:00",101,63
"2017-08-29 09:25:00",98,98
"2017-08-29 09:30:00",94,86
"2017-08-29 09:35:00",97,83
"2017-08-29 09:40:00",97,78
"2017-08-29 09:45:00",97,86
"2017-08-29 09:50:00",94,83
"2017-08-29 09:55:00",96,72
"2017-08-29 10:00:00",99,88
"2017-08-29 10:05:00",93,100
"2017-08-29 10:10:00",98,80
"2017-08-29 10:15:00",93,75
"2017-08-29 10:20:00",101,74
"2017-08-29 10:25:00",93,81
"2017-08-29 10:30:00",98,96
"2017-08-29 10:35:00",95,81
"2017-08-29 10:40:00",99,67
"2017-08-29 10:45:00",97,78
"2017-08-29 10:50:00",98,72
"2017-08-29 10:55:00",102,66
"2017-08-29 11:00:00",98,64
"2017-08-29 11:05:00",97,65
"2017-08-29 11:10:00",97,70
"2017-08-29 11:15:00",97,72
"2017-08-29 11:20:00",102,74
"2017-08-29 11:25:00",100,71
"2017-08-29 11:30:00",100,85
"2017-08-29 11:35:00",100,76
"2017-08-29 11:40:00",100,67
"2017-08-29 11:45:00",100,60
"2017-08-29 11:50:00",102,58
"2017-08-29 11:55:00",103,72
"2017-08-29 12:00:00",99,67
"2017-08-29 12:05:00",100,68
"2017-08-29 12:10:00",98,78
"2017-08-29 12:15:00",96,66
"2017-08-29 12:20:00",100,71
"2017-08-29 12:25:00",98,75
"2017-08-29 12:30:00",97,62
"2017-08-29 12:35:00",98,63
"2017-08-29 12:40:00",97,70
"2017-08-29 12:45:00",97,63
"2017-08-29 12:50:00",98,70
"2017-08-29 12:55:00",95,66
"2017-08-29 13:00:00",97,68
"2017-08-29 13:05:00",96,83
"2017-08-29 13:10:00",101,74
"2017-08-29 13:15:00",98,85
"2017-08-29 13:20:00",100,63
"2017-08-29 13:25:00",99,86
"2017-08-29 13:30:00",98,74
"2017-08-29 13:35:00",99,84
"2017-08-29 13:40:00",98,81
"2017-08-29 13:45:00",100,77
"2017-08-29 13:50:00",101,91
"2017-08-29 13:55:00",98,90
"2017-08-29 14:00:00",97,100
"2017-08-29 14:05:00",98,90
"2017-08-29 14:10:00",98,94
"2017-08-29 14:15:00",97,112
"2017-08-29 14:20:00",97,101
"2017-08-29 14:25:00",98,82
"2017-08-29 14:30:00",98,89
"2017-08-29 14:35:00",98,88
"2017-08-29 14:40:00",97,94
"2017-08-29 14:45:00",100,75
"2017-08-29 14:50:00",93,74
"2017-08-29 14:55:00",96,109
"2017-08-29 15:00:00",96,101
"2017-08-29 15:05:00",100,76
"2017-08-29 15:10:00",101,88
"2017-08-29 15:15:00",97,94
"2017-08-29 15:20:00",99,93
"2017-08-29 15:25:00",79,121
"2017-08-29 15:30:00",82,128
"2017-08-29 15:35:00",78,136
"2017-08-29 15:40:00",78,127
"2017-08-29 15:45:00",83,116
"2017-08-29 15:50:00",94,101
"2017-08-29 15:55:00",97,94
"2017-08-29 16:00:00",98,91
"2017-08-29 16:05:00",96,73
"2017-08-29 16:10:00",94,101
"2017-08-29 16:15:00",98,110
"2017-08-29 16:20:00",100,89
"2017-08-29 16:25:00",100,97
"2017-08-29 16:30:00",97,118
"2017-08-29 16:35:00",92,103
"2017-08-29 16:40:00",93,104
"2017-08-29 16:45:00",96,128
"2017-08-29 16:50:00",98,96
"2017-08-29 16:55:00",95,101
"2017-08-29 17:00:00",96,111
"2017-08-29 17:05:00",98,103
"2017-08-29 17:10:00",102,90
"2017-08-29 17:15:00",103,93
"2017-08-29 17:20:00",99,94
"2017-08-29 17:25:00",96,106
"2017-08-29 17:30:00",97,85
"2017-08-29 17:35:00",94,94
"2017-08-29 17:40:00",92,96
"2017-08-29 17:45:00",98,89
"2017-08-29 17:50:00",104,86
"2017-08-29 17:55:00",100,89
"2017-08-29 18:00:00",95,79
"2017-08-29 18:05:00",98,77
"2017-08-29 18:10:00",100,81
"2017-08-29 18:15:00",97,78
"2017-08-29 18:20:00",98,86
"2017-08-29 18:25:00",99,81
"2017-08-29 18:30:00",96,89
"2017-08-29 18:35:00",97,57
"2017-08-29 18:40:00",96,73
"2017-08-29 18:45:00",95,73
"2017-08-30 07:00:00",101,37
"2017-08-30 07:05:00",101,37
"2017-08-30 07:10:00",101,42
"2017-08-30 07:15:00",101,41
"2017-08-30 07:20:00",105,51
"2017-08-30 07:25:00",107,51
"2017-08-30 07:30:00",105,56
"2017-08-30 07:35:00",105,48
"2017-08-30 07:40:00",104,57
"2017-08-30 07:45:00",99,47
"2017-08-30 07:50:00",99,45
"2017-08-30 07:55:00",103,56
"2017-08-30 08:00:00",99,47
"2017-08-30 08:05:00",100,52
"2017-08-30 08:10:00",100,64
"2017-08-30 08:15:00",102,75
"2017-08-30 08:20:00",99,71
"2017-08-30 08:25:00",100,55
"2017-08-30 08:30:00",103,65
"2017-08-30 08:35:00",98,80
"2017-08-30 08:40:00",101,76
"2017-08-30 08:45:00",103,59
"2017-08-30 08:50:00",100,73
"2017-08-30 08:55:00",99,64
"2017-08-30 09:00:00",101,73
"2017-08-30 09:05:00",100,79
"2017-08-30 09:10:00",98,81
"2017-08-30 09:15:00",97,73
"2017-08-30 09:20:00",96,78
"2017-08-30 09:25:00",98,84
"2017-08-30 09:30:00",98,78
"2017-08-30 09:35:00",98,76
"2017-08-30 09:40:00",97,83
"2017-08-30 09:45:00",98,73
"2017-08-30 09:50:00",96,90
"2017-08-30 09:55:00",98,88
"2017-08-30 10:00:00",97,75
"2017-08-30 10:05:00",96,85
"2017-08-30 10:10:00",98,89
"2017-08-30 10:15:00",99,80
"2017-08-30 10:20:00",93,90
"2017-08-30 10:25:00",94,95
"2017-08-30 10:30:00",96,111
"2017-08-30 10:35:00",92,101
"2017-08-30 10:40:00",92,117
"2017-08-30 10:45:00",93,106
"2017-08-30 10:50:00",90,96
"2017-08-30 10:55:00",94,111
"2017-08-30 11:00:00",93,110
"2017-08-30 11:05:00",90,108
"2017-08-30 11:10:00",91,114
"2017-08-30 11:15:00",94,96
"2017-08-30 11:20:00",94,97
"2017-08-30 11:25:00",96,89
"2017-08-30 11:30:00",97,86
"2017-08-30 11:35:00",96,84
"2017-08-30 11:40:00",95,103
"2017-08-30 11:45:00",96,96
"2017-08-30 11:50:00",94,83
"2017-08-30 11:55:00",95,65
"2017-08-30 12:00:00",99,58
"2017-08-30 12:05:00",97,70
"2017-08-30 12:10:00",97,68
"2017-08-30 12:15:00",95,60
"2017-08-30 12:20:00",102,62
"2017-08-30 12:25:00",93,67
"2017-08-30 12:30:00",95,67
"2017-08-30 12:35:00",93,72
"2017-08-30 12:40:00",101,55
"2017-08-30 12:45:00",101,73
"2017-08-30 12:50:00",101,72
"2017-08-30 12:55:00",98,81
"2017-08-30 13:00:00",98,92
"2017-08-30 13:05:00",101,71
"2017-08-30 13:10:00",97,75
"2017-08-30 13:15:00",102,76
"2017-08-30 13:20:00",102,83
"2017-08-30 13:25:00",97,65
"2017-08-30 13:30:00",103,84
"2017-08-30 13:35:00",100,80
"2017-08-30 13:40:00",99,79
"2017-08-30 13:45:00",102,84
"2017-08-30 13:50:00",97,90
"2017-08-30 13:55:00",95,101
"2017-08-30 14:00:00",97,99
"2017-08-30 14:05:00",97,84
"2017-08-30 14:10:00",98,62
"2017-08-30 14:15:00",91,103
"2017-08-30 14:20:00",98,85
"2017-08-30 14:25:00",96,92
"2017-08-30 14:30:00",94,82
"2017-08-30 14:35:00",84,95
"2017-08-30 14:40:00",90,107
"2017-08-30 14:45:00",89,103
"2017-08-30 14:50:00",89,98
"2017-08-30 14:55:00",94,93
"2017-08-30 15:00:00",93,107
"2017-08-30 15:05:00",98,92
"2017-08-30 15:10:00",98,102
"2017-08-30 15:15:00",93,98
"2017-08-30 15:20:00",96,108
"2017-08-30 15:25:00",96,96
"2017-08-30 15:30:00",90,112
"2017-08-30 15:35:00",96,105
"2017-08-30 15:40:00",95,89
"2017-08-30 15:45:00",96,105
"2017-08-30 15:50:00",96,105
"2017-08-30 15:55:00",97,106
"2017-08-30 16:00:00",98,94
"2017-08-30 16:05:00",96,106
"2017-08-30 16:10:00",93,112
"2017-08-30 16:15:00",97,100
"2017-08-30 16:20:00",97,90
"2017-08-30 16:25:00",95,87
"2017-08-30 16:30:00",97,109
"2017-08-30 16:35:00",102,93
"2017-08-30 16:40:00",98,103
"2017-08-30 16:45:00",98,108
"2017-08-30 16:50:00",97,104
