"2017-06-01 12:50:00",68,21
"2017-06-06 12:50:00",80,16
"2017-06-06 12:55:00",80,14
"2017-06-06 13:00:00",84,10
"2017-06-06 13:05:00",81,13
"2017-06-06 13:10:00",78,15
"2017-06-06 13:15:00",82,15
"2017-06-06 13:20:00",85,16
"2017-06-06 13:25:00",83,11
"2017-06-06 13:30:00",88,8
"2017-06-06 13:35:00",82,11
"2017-06-06 13:40:00",83,12
"2017-06-06 13:45:00",81,14
"2017-06-06 13:50:00",88,10
"2017-06-06 13:55:00",79,13
"2017-06-06 14:00:00",83,11
"2017-06-06 14:05:00",85,17
"2017-06-06 14:10:00",82,14
"2017-06-06 14:15:00",90,10
"2017-06-06 14:20:00",76,18
"2017-06-06 14:25:00",88,11
"2017-06-06 14:30:00",75,15
"2017-06-06 14:35:00",84,12
"2017-06-06 14:40:00",86,18
"2017-06-06 14:45:00",76,17
"2017-06-06 14:50:00",81,16
"2017-06-06 14:55:00",80,19
"2017-06-06 15:00:00",79,20
"2017-06-06 15:05:00",87,10
"2017-06-06 15:15:00",77,13
"2017-06-06 15:20:00",80,21
"2017-06-06 15:25:00",73,12
"2017-06-06 15:30:00",84,23
"2017-06-06 15:35:00",78,15
"2017-06-06 15:40:00",81,11
"2017-06-06 15:45:00",86,10
"2017-06-06 15:50:00",86,15
"2017-06-06 15:55:00",73,10
"2017-06-06 16:00:00",82,19
"2017-06-06 16:05:00",80,15
"2017-06-06 16:10:00",83,14
"2017-06-06 16:15:00",84,11
"2017-06-06 16:20:00",78,12
"2017-06-06 16:25:00",76,10
"2017-06-06 16:30:00",76,10
"2017-06-06 16:35:00",73,7
"2017-06-06 16:40:00",81,14
"2017-06-06 16:45:00",79,8
"2017-06-06 16:50:00",91,13
"2017-06-06 16:55:00",91,11
"2017-06-06 17:00:00",85,12
"2017-06-06 17:05:00",76,14
"2017-06-06 17:10:00",79,11
"2017-06-06 17:15:00",82,12
"2017-06-06 17:20:00",87,13
"2017-06-06 17:25:00",85,11
"2017-06-06 17:30:00",88,9
"2017-06-06 17:35:00",80,11
"2017-06-06 17:40:00",79,12
"2017-06-06 17:45:00",85,10
"2017-06-06 17:50:00",80,9
"2017-06-06 18:00:00",78,7
"2017-06-06 18:05:00",81,12
"2017-06-06 18:10:00",77,9
"2017-06-06 18:15:00",85,7
"2017-06-06 18:20:00",82,7
"2017-06-06 18:25:00",84,15
"2017-06-06 18:30:00",83,7
"2017-06-06 18:35:00",89,4
"2017-06-06 18:40:00",84,15
"2017-06-06 18:45:00",78,7
"2017-06-06 18:50:00",84,11
"2017-06-07 12:50:00",80,14
"2017-06-07 12:55:00",90,10
"2017-06-07 13:00:00",82,10
"2017-06-07 13:05:00",75,15
"2017-06-07 13:10:00",78,12
"2017-06-07 13:15:00",85,14
"2017-06-07 13:20:00",86,16
"2017-06-07 13:25:00",89,13
"2017-06-07 13:30:00",82,12
"2017-06-07 13:35:00",82,17
"2017-06-07 13:40:00",85,14
"2017-06-07 13:45:00",79,12
"2017-06-07 13:50:00",78,13
"2017-06-07 13:55:00",76,8
"2017-06-07 14:00:00",81,13
"2017-06-07 14:05:00",78,12
"2017-06-07 14:10:00",82,14
"2017-06-07 14:15:00",81,13
"2017-06-07 14:20:00",81,16
"2017-06-07 14:25:00",82,19
"2017-06-07 14:30:00",77,15
"2017-06-07 14:35:00",75,11
"2017-06-07 14:40:00",74,11
"2017-06-07 14:45:00",76,10
"2017-06-07 14:50:00",74,12
"2017-06-07 14:55:00",71,9
"2017-06-07 15:00:00",85,15
"2017-06-07 15:05:00",81,11
"2017-06-07 15:15:00",77,15
"2017-06-07 15:20:00",81,11
"2017-06-07 15:25:00",75,11
"2017-06-07 15:30:00",74,10
"2017-06-07 15:35:00",71,14
"2017-06-07 15:40:00",82,19
"2017-06-07 15:45:00",76,15
"2017-06-07 15:50:00",79,13
"2017-06-09 12:50:00",72,13
"2017-06-09 12:55:00",81,9
"2017-06-09 13:00:00",69,7
"2017-06-09 13:05:00",76,13
"2017-06-09 13:10:00",73,15
"2017-06-09 13:15:00",84,12
"2017-06-09 13:20:00",74,11
"2017-06-09 13:25:00",70,11
"2017-06-09 13:30:00",80,17
"2017-06-09 13:35:00",76,12
"2017-06-09 13:40:00",70,12
"2017-06-09 13:45:00",77,14
"2017-06-09 13:50:00",74,16
"2017-06-09 13:55:00",85,15
"2017-06-09 14:00:00",83,16
"2017-06-09 14:05:00",75,15
"2017-06-09 14:10:00",73,14
"2017-06-09 14:15:00",81,15
"2017-06-09 14:20:00",72,17
"2017-06-09 14:25:00",70,9
"2017-06-09 14:30:00",72,12
"2017-06-09 14:35:00",69,11
"2017-06-09 14:40:00",80,16
"2017-06-09 14:45:00",72,11
"2017-06-09 14:50:00",69,14
"2017-06-09 14:55:00",73,15
"2017-06-09 15:00:00",81,14
"2017-06-09 15:05:00",74,16
"2017-06-10 12:50:00",68,15
"2017-06-10 12:55:00",79,14
"2017-06-10 13:00:00",68,16
"2017-06-10 13:05:00",70,8
"2017-06-10 13:10:00",44,19
"2017-06-10 13:15:00",77,23
"2017-06-10 13:20:00",73,19
"2017-06-10 13:25:00",82,9
"2017-06-10 13:30:00",75,5
"2017-06-10 13:35:00",83,8
"2017-06-10 13:40:00",74,17
"2017-06-10 13:45:00",79,14
"2017-06-10 13:50:00",78,16
"2017-06-10 13:55:00",79,13
"2017-06-10 14:00:00",77,14
"2017-06-10 14:05:00",87,15
"2017-06-10 14:10:00",80,20
"2017-06-10 14:15:00",85,10
"2017-06-10 14:20:00",76,14
"2017-06-10 14:25:00",77,13
"2017-06-10 14:30:00",75,15
"2017-06-10 14:35:00",76,15
"2017-06-10 14:40:00",83,17
"2017-06-10 14:45:00",81,9
"2017-06-10 14:50:00",68,15
"2017-06-10 14:55:00",75,17
"2017-06-10 15:00:00",84,14
"2017-06-10 15:05:00",78,17
"2017-06-10 15:10:00",80,16
"2017-06-10 15:15:00",94,12
"2017-06-10 15:20:00",82,15
"2017-06-10 15:25:00",80,18
"2017-06-11 12:50:00",73,12
"2017-06-11 12:55:00",74,10
"2017-06-11 13:00:00",77,8
"2017-06-11 13:05:00",88,10
"2017-06-11 13:10:00",74,11
"2017-06-11 13:15:00",85,16
"2017-06-11 13:20:00",80,17
"2017-06-11 13:25:00",76,8
"2017-06-11 13:30:00",72,12
"2017-06-11 13:35:00",73,11
"2017-06-11 13:40:00",77,14
"2017-06-11 13:45:00",83,10
"2017-06-11 13:50:00",82,8
"2017-06-11 13:55:00",76,11
"2017-06-11 14:00:00",85,17
"2017-06-11 14:05:00",79,10
"2017-06-11 14:10:00",79,13
"2017-06-11 14:15:00",68,14
"2017-06-20 12:50:00",78,19
"2017-06-20 12:55:00",78,13
"2017-06-20 13:00:00",80,18
"2017-06-20 13:05:00",73,10
"2017-06-20 13:10:00",79,15
"2017-06-20 13:15:00",81,18
"2017-06-20 13:20:00",81,8
"2017-06-20 13:25:00",79,11
"2017-06-20 13:30:00",88,13
"2017-06-20 13:35:00",73,13
"2017-06-20 13:40:00",75,26
"2017-06-20 13:45:00",72,12
"2017-06-20 13:50:00",75,18
"2017-06-20 13:55:00",78,13
"2017-06-20 14:00:00",75,11
"2017-06-20 14:05:00",82,16
"2017-06-21 12:50:00",88,19
"2017-06-21 12:55:00",83,14
"2017-06-21 13:00:00",94,11
"2017-06-21 13:05:00",81,18
"2017-06-21 13:10:00",77,16
"2017-06-21 13:15:00",77,20
"2017-06-21 13:20:00",85,11
"2017-06-21 13:25:00",82,15
"2017-06-21 13:30:00",84,14
"2017-06-21 13:35:00",76,14
"2017-06-21 13:40:00",76,21
"2017-06-21 13:45:00",79,18
"2017-06-21 13:50:00",85,16
"2017-06-21 13:55:00",80,14
"2017-06-21 14:00:00",77,19
"2017-06-21 14:05:00",73,16
"2017-06-21 14:10:00",75,18
"2017-06-22 12:50:00",77,13
"2017-06-22 12:55:00",85,23
"2017-06-22 13:00:00",77,13
"2017-06-22 13:05:00",74,14
"2017-06-22 13:10:00",75,14
"2017-06-22 13:15:00",79,17
"2017-06-22 13:20:00",84,16
"2017-06-22 13:25:00",81,18
"2017-06-22 13:30:00",75,12
"2017-06-22 13:35:00",77,15
"2017-06-22 13:40:00",89,17
"2017-06-22 13:45:00",86,21
"2017-06-22 13:50:00",85,14
"2017-06-22 13:55:00",92,17
"2017-06-22 14:00:00",78,16
"2017-06-22 14:05:00",79,15
"2017-06-22 14:10:00",87,16
"2017-06-22 14:15:00",82,10
"2017-06-22 14:20:00",82,16
"2017-06-22 14:25:00",86,10
"2017-06-22 14:30:00",78,11
"2017-06-22 14:35:00",76,21
"2017-06-22 14:40:00",77,16
"2017-06-22 14:45:00",86,13
"2017-06-22 14:50:00",82,18
"2017-06-22 14:55:00",83,17
"2017-06-22 15:00:00",76,19
"2017-06-22 15:05:00",80,16
"2017-06-22 15:10:00",78,17
"2017-06-22 15:15:00",77,13
"2017-06-22 15:20:00",80,19
"2017-06-23 12:50:00",83,13
"2017-06-23 12:55:00",82,16
"2017-06-23 13:00:00",84,15
"2017-06-23 13:05:00",83,15
"2017-06-23 13:10:00",80,16
"2017-06-23 13:15:00",82,15
"2017-06-23 13:20:00",80,21
"2017-06-23 13:25:00",86,17
"2017-06-24 12:50:00",80,12
"2017-06-24 12:55:00",76,17
"2017-06-24 13:00:00",71,19
"2017-06-24 13:05:00",79,15
"2017-06-24 13:10:00",79,15
"2017-06-24 13:15:00",66,9
"2017-06-24 13:20:00",82,10
"2017-06-24 13:25:00",83,13
"2017-06-24 13:30:00",85,6
"2017-06-24 13:35:00",82,12
"2017-06-24 13:40:00",71,13
"2017-06-24 13:45:00",76,15
"2017-06-24 13:50:00",86,12
"2017-06-24 13:55:00",74,16
"2017-06-24 14:00:00",91,12
"2017-06-24 14:05:00",75,14
"2017-06-24 14:10:00",83,12
"2017-06-24 14:15:00",79,17
"2017-06-26 12:50:00",73,11
"2017-06-26 12:55:00",72,14
"2017-06-26 13:00:00",77,15
"2017-06-26 13:05:00",82,14
"2017-06-27 12:50:00",75,13
"2017-06-27 12:55:00",83,17
"2017-06-27 13:00:00",79,16
"2017-06-27 13:05:00",85,18
"2017-06-27 13:10:00",86,20
"2017-06-27 13:15:00",78,18
"2017-06-27 13:20:00",70,13
"2017-06-27 13:25:00",77,20
"2017-06-27 13:30:00",80,16
"2017-06-27 13:35:00",80,21
"2017-06-27 13:40:00",74,18
"2017-06-27 13:45:00",82,17
"2017-06-27 13:50:00",84,7
"2017-06-27 13:55:00",74,12
"2017-06-27 14:00:00",75,17
"2017-06-27 14:05:00",77,33
"2017-06-27 14:10:00",76,31
"2017-06-27 14:15:00",73,18
"2017-06-27 14:20:00",78,15
"2017-06-27 14:25:00",73,11
"2017-06-27 14:30:00",80,15
"2017-06-27 14:35:00",77,16
"2017-06-27 14:40:00",88,11
"2017-06-27 14:45:00",74,20
"2017-06-27 14:50:00",87,24
"2017-06-27 14:55:00",81,20
"2017-06-27 15:00:00",77,17
"2017-06-27 15:05:00",79,18
"2017-06-27 15:10:00",88,16
"2017-06-27 15:15:00",81,18
"2017-06-27 15:20:00",83,22
"2017-06-27 15:25:00",81,15
"2017-06-27 15:30:00",90,17
"2017-06-27 15:35:00",78,18
"2017-06-27 15:40:00",89,20
"2017-06-27 15:45:00",81,16
"2017-06-27 15:50:00",82,15
"2017-06-27 15:55:00",79,14
"2017-06-27 16:00:00",79,21
"2017-06-27 16:05:00",82,17
"2017-06-27 16:10:00",87,18
"2017-06-27 16:15:00",88,16
"2017-06-27 16:20:00",74,15
"2017-06-27 16:25:00",97,15
"2017-06-27 16:30:00",80,13
"2017-06-27 16:35:00",76,12
"2017-06-27 16:40:00",85,9
"2017-06-27 16:45:00",75,11
"2017-06-27 16:50:00",84,14
"2017-06-27 16:55:00",76,16
"2017-06-27 17:00:00",79,13
"2017-06-28 12:55:00",81,19
"2017-06-28 13:00:00",83,14
"2017-06-28 13:05:00",79,14
"2017-06-28 13:10:00",77,13
"2017-06-28 13:15:00",79,17
"2017-06-28 13:20:00",84,16
"2017-06-29 12:55:00",72,10
"2017-06-29 13:00:00",76,14
"2017-06-29 13:05:00",74,17
"2017-06-29 13:10:00",75,10
"2017-06-29 13:15:00",90,11
"2017-06-29 13:20:00",72,20
"2017-06-29 13:25:00",79,17
"2017-06-29 13:30:00",78,21
"2017-06-29 13:35:00",84,20
"2017-06-29 13:40:00",93,22
"2017-06-29 13:45:00",87,21
"2017-06-29 13:50:00",81,18
"2017-06-29 13:55:00",84,14
"2017-06-29 14:00:00",65,16
"2017-06-29 14:05:00",80,20
"2017-06-29 14:10:00",85,22
"2017-06-29 14:15:00",81,15
"2017-06-29 14:20:00",77,17
"2017-06-29 14:25:00",67,14
"2017-06-29 14:30:00",84,19
"2017-06-29 14:35:00",84,15
"2017-06-29 14:40:00",74,19
"2017-06-29 14:45:00",72,16
"2017-06-29 14:50:00",76,26
"2017-06-29 14:55:00",77,18
"2017-06-30 12:55:00",75,23
"2017-06-30 13:00:00",88,13
"2017-06-30 13:05:00",83,15
"2017-06-30 13:10:00",75,19
"2017-06-30 13:15:00",81,19
"2017-06-30 13:20:00",86,25
"2017-06-30 13:25:00",88,28
"2017-06-30 13:30:00",85,15
"2017-06-30 13:35:00",84,21
"2017-06-30 13:40:00",88,26
"2017-06-30 13:45:00",82,20
"2017-06-30 13:50:00",79,24
"2017-06-30 13:55:00",93,20
"2017-06-30 14:00:00",82,28
"2017-06-30 14:05:00",81,19
"2017-06-30 14:10:00",82,18
"2017-06-30 14:15:00",86,30
"2017-06-30 14:20:00",83,17
"2017-06-30 14:25:00",81,21
"2017-06-30 14:30:00",89,30
"2017-06-30 14:35:00",83,27
"2017-06-30 14:40:00",84,19
"2017-06-30 14:45:00",78,25
"2017-06-30 14:50:00",77,24
"2017-06-30 14:55:00",75,28
"2017-06-30 15:00:00",74,15
"2017-06-30 15:05:00",76,24
"2017-06-30 15:10:00",72,18
"2017-06-30 15:15:00",70,25
"2017-06-30 15:20:00",67,37
"2017-06-30 15:25:00",32,31
"2017-06-30 15:30:00",57,39
"2017-06-30 15:35:00",54,37
"2017-07-01 12:55:00",81,25
"2017-07-01 13:00:00",75,22
"2017-07-01 13:05:00",82,12
"2017-07-01 13:10:00",74,20
"2017-07-01 13:15:00",77,28
"2017-07-01 13:20:00",77,16
"2017-07-01 13:25:00",78,18
"2017-07-01 13:30:00",80,23
"2017-07-01 13:35:00",77,20
"2017-07-01 13:40:00",82,22
"2017-07-01 13:45:00",84,20
"2017-07-01 13:50:00",81,22
"2017-07-01 13:55:00",84,27
"2017-07-01 14:00:00",84,22
"2017-07-01 14:05:00",88,18
"2017-07-01 14:10:00",80,14
"2017-07-01 14:15:00",82,16
"2017-07-01 14:20:00",90,13
"2017-07-01 14:25:00",81,16
"2017-07-01 14:30:00",83,16
"2017-07-02 12:55:00",79,24
"2017-07-02 13:00:00",90,24
"2017-07-02 13:05:00",83,17
"2017-07-02 13:10:00",89,24
"2017-07-02 13:15:00",88,29
"2017-07-02 13:20:00",91,25
"2017-07-02 13:25:00",72,14
"2017-07-02 13:30:00",88,26
"2017-07-02 13:35:00",87,19
"2017-07-02 13:40:00",81,25
"2017-07-02 13:45:00",90,24
"2017-07-02 13:50:00",88,20
"2017-07-02 13:55:00",83,15
"2017-07-02 14:00:00",84,28
"2017-07-02 14:05:00",83,21
"2017-07-02 14:10:00",87,35
"2017-07-02 14:15:00",84,25
"2017-07-02 14:20:00",85,22
"2017-07-02 14:25:00",78,20
"2017-07-02 14:30:00",82,19
"2017-07-02 14:35:00",71,39
"2017-07-02 14:40:00",54,31
"2017-07-02 14:45:00",64,27
"2017-07-02 14:50:00",80,22
"2017-07-02 14:55:00",77,22
"2017-07-02 15:00:00",82,34
"2017-07-02 15:05:00",67,38
"2017-07-02 15:10:00",46,60
"2017-07-02 15:15:00",58,67
"2017-07-02 15:20:00",76,51
"2017-07-02 15:25:00",71,34
"2017-07-02 15:30:00",76,41
"2017-07-02 15:35:00",79,33
"2017-07-02 15:40:00",71,32
"2017-07-02 15:45:00",68,20
"2017-07-02 15:50:00",76,17
"2017-07-02 15:55:00",71,26
"2017-07-02 16:00:00",69,15
"2017-07-02 16:05:00",74,13
"2017-07-02 16:10:00",84,17
"2017-07-02 16:15:00",85,17
"2017-07-02 16:20:00",57,26
"2017-07-02 16:25:00",80,22
"2017-07-02 16:30:00",72,24
"2017-07-02 16:35:00",74,25
"2017-07-02 16:40:00",76,26
"2017-07-02 16:45:00",75,23
"2017-07-02 16:50:00",75,20
"2017-07-02 16:55:00",73,25
"2017-07-02 17:00:00",75,15
"2017-07-02 17:05:00",76,22
"2017-07-02 17:10:00",84,27
"2017-07-02 17:15:00",72,18
"2017-07-02 17:20:00",74,17
"2017-07-02 17:25:00",70,22
"2017-07-02 17:30:00",77,15
"2017-07-02 17:35:00",69,16
"2017-07-06 12:55:00",75,13
"2017-07-06 13:00:00",80,16
"2017-07-06 13:05:00",78,19
"2017-07-06 13:10:00",80,17
"2017-07-06 13:15:00",82,16
"2017-07-06 13:20:00",84,20
"2017-07-06 13:25:00",73,15
"2017-07-06 13:30:00",81,14
"2017-07-06 13:35:00",81,16
"2017-07-06 13:40:00",78,16
"2017-07-06 13:45:00",83,16
"2017-07-06 13:50:00",74,13
"2017-07-06 13:55:00",80,15
"2017-07-06 14:00:00",78,18
"2017-07-06 14:05:00",76,16
"2017-07-06 14:10:00",70,18
"2017-07-06 14:15:00",81,17
"2017-07-06 14:20:00",85,17
"2017-07-06 14:25:00",84,21
"2017-07-07 12:55:00",79,17
"2017-07-07 13:00:00",85,19
"2017-07-07 13:05:00",83,15
"2017-07-07 13:10:00",87,19
"2017-07-07 13:15:00",77,21
"2017-07-07 13:20:00",79,16
"2017-07-07 13:25:00",85,20
"2017-07-07 13:30:00",86,18
"2017-07-07 13:35:00",76,15
"2017-07-07 13:40:00",81,15
"2017-07-07 13:45:00",82,17
"2017-07-07 13:50:00",83,16
"2017-07-07 13:55:00",79,16
"2017-07-07 14:00:00",80,25
"2017-07-07 14:05:00",80,19
"2017-07-07 14:10:00",82,17
"2017-07-07 14:15:00",78,13
"2017-07-07 14:20:00",79,18
"2017-07-07 14:25:00",70,19
"2017-07-07 14:30:00",71,17
"2017-07-07 14:35:00",83,20
"2017-07-08 12:55:00",80,8
"2017-07-08 13:00:00",74,15
"2017-07-08 13:05:00",80,12
"2017-07-08 13:10:00",80,13
"2017-07-08 13:15:00",87,22
"2017-07-08 13:20:00",82,20
"2017-07-08 13:25:00",87,18
"2017-07-08 13:30:00",80,15
"2017-07-08 13:35:00",87,18
"2017-07-08 13:40:00",82,19
"2017-07-08 13:45:00",85,16
"2017-07-08 13:50:00",86,17
"2017-07-08 13:55:00",85,17
"2017-07-08 14:00:00",78,18
"2017-07-08 14:05:00",81,14
"2017-07-08 14:10:00",79,19
"2017-07-08 14:15:00",71,12
"2017-07-08 14:20:00",75,14
"2017-07-08 14:25:00",91,19
"2017-07-08 14:30:00",79,21
"2017-07-08 14:35:00",79,17
"2017-07-08 14:40:00",83,19
"2017-07-08 14:45:00",80,21
"2017-07-08 14:50:00",81,21
"2017-07-08 14:55:00",72,13
"2017-07-08 15:00:00",85,15
"2017-07-08 15:05:00",80,23
"2017-07-08 15:10:00",81,15
"2017-07-08 15:15:00",77,17
"2017-07-08 15:20:00",72,12
"2017-07-08 15:25:00",79,13
"2017-07-08 15:30:00",75,21
"2017-08-04 14:45:00",65,14
"2017-08-04 14:55:00",74,7
"2017-08-04 15:00:00",82,17
"2017-08-04 15:05:00",74,9
"2017-08-04 15:10:00",71,16
"2017-08-04 15:15:00",69,12
"2017-08-04 15:20:00",77,16
"2017-08-04 15:25:00",76,19
"2017-08-04 15:30:00",78,15
"2017-08-05 12:55:00",69,10
"2017-08-05 13:00:00",81,14
"2017-08-05 13:05:00",74,12
"2017-08-05 13:10:00",85,19
"2017-08-05 13:15:00",76,11
"2017-08-05 13:20:00",74,12
"2017-08-05 13:25:00",80,9
"2017-08-05 13:30:00",75,16
"2017-08-05 13:35:00",72,17
"2017-08-05 13:40:00",66,12
"2017-08-05 13:45:00",74,11
"2017-08-05 13:50:00",68,10
"2017-08-05 13:55:00",73,16
"2017-08-05 14:00:00",78,10
"2017-08-05 14:05:00",79,14
"2017-08-05 14:10:00",77,6
"2017-08-05 14:15:00",79,16
"2017-08-05 14:20:00",81,5
"2017-08-05 14:25:00",74,16
"2017-08-05 14:30:00",73,11
"2017-08-05 14:35:00",75,17
"2017-08-05 14:40:00",74,18
"2017-08-05 14:45:00",73,16
"2017-08-05 14:50:00",76,15
"2017-08-05 14:55:00",72,11
"2017-08-05 15:00:00",68,15
"2017-08-05 15:05:00",78,18
"2017-08-05 15:10:00",77,13
"2017-08-05 15:15:00",75,14
"2017-08-05 15:20:00",75,15
"2017-08-05 15:25:00",79,15
"2017-08-05 15:30:00",75,15
"2017-08-06 12:55:00",77,11
"2017-08-06 13:00:00",73,17
"2017-08-06 13:05:00",65,11
"2017-08-06 13:10:00",74,12
"2017-08-22 15:35:00",77,4
"2017-08-22 15:40:00",61,5
"2017-08-22 15:45:00",79,23
"2017-08-22 15:50:00",78,20
"2017-08-22 15:55:00",74,13
"2017-08-22 16:00:00",76,19
"2017-08-22 16:05:00",73,19
"2017-08-22 16:10:00",69,13
"2017-08-22 16:15:00",77,14
"2017-08-22 16:20:00",77,17
"2017-08-22 16:25:00",68,12
"2017-08-22 16:30:00",74,12
"2017-08-22 16:35:00",79,11
"2017-08-22 16:40:00",70,12
"2017-08-22 16:45:00",75,15
"2017-08-22 16:50:00",80,15
"2017-08-22 16:55:00",75,16
"2017-08-22 17:00:00",83,13
"2017-08-22 17:05:00",74,13
"2017-08-22 17:10:00",68,16
"2017-08-22 17:15:00",74,7
"2017-08-22 17:20:00",77,12
"2017-08-22 17:25:00",73,17
"2017-08-22 17:30:00",78,7
"2017-08-22 17:35:00",67,8
"2017-08-22 17:40:00",75,13
"2017-08-22 17:45:00",84,10
"2017-08-22 17:50:00",72,7
"2017-08-22 17:55:00",82,7
"2017-08-22 18:00:00",77,12
"2017-08-22 18:05:00",75,7
"2017-08-22 18:10:00",79,14
"2017-08-22 18:15:00",87,10
"2017-08-22 18:20:00",69,10
"2017-08-22 18:25:00",69,7
"2017-08-22 18:30:00",79,11
"2017-08-22 18:35:00",94,6
"2017-08-22 18:40:00",82,10
"2017-08-22 18:45:00",61,4
"2017-08-22 18:50:00",78,11
"2017-08-22 18:55:00",75,7
"2017-08-22 19:00:00",64,7
"2017-08-22 19:05:00",69,9
"2017-08-22 19:10:00",70,8
"2017-08-22 19:15:00",69,6
"2017-08-22 19:20:00",70,9
"2017-08-22 19:25:00",69,9
"2017-08-22 19:30:00",76,8
"2017-08-22 19:35:00",65,11
"2017-08-22 19:40:00",74,9
"2017-08-22 19:45:00",82,9
"2017-08-22 19:50:00",72,11
"2017-08-22 19:55:00",75,11
"2017-08-22 20:00:00",73,9
"2017-08-22 20:05:00",71,9
"2017-08-22 20:10:00",76,10
"2017-08-22 20:15:00",72,8
"2017-08-22 20:20:00",80,7
"2017-08-22 20:25:00",78,9
"2017-08-22 20:30:00",68,10
"2017-08-22 20:35:00",75,9
"2017-08-22 20:40:00",67,4
"2017-08-22 20:45:00",69,8
"2017-08-22 20:50:00",70,5
"2017-08-22 20:55:00",92,4
"2017-08-22 21:00:00",79,8
"2017-08-22 21:05:00",72,12
"2017-08-22 21:10:00",73,13
"2017-08-22 21:15:00",76,12
"2017-08-22 21:20:00",74,10
"2017-08-22 21:25:00",71,9
"2017-08-22 21:30:00",75,10
"2017-08-22 21:35:00",76,9
"2017-08-22 21:40:00",78,7
"2017-08-22 21:45:00",62,10
"2017-08-22 21:50:00",70,5
"2017-08-22 21:55:00",70,9
"2017-08-22 22:00:00",62,9
"2017-08-22 22:05:00",74,7
"2017-08-22 22:10:00",73,8
"2017-08-22 22:15:00",70,12
"2017-08-22 22:20:00",73,14
"2017-08-22 22:25:00",65,12
"2017-08-22 22:30:00",72,7
"2017-08-22 22:35:00",66,6
"2017-08-22 22:40:00",79,8
"2017-08-22 22:45:00",76,7
"2017-08-22 22:50:00",74,8
"2017-08-22 22:55:00",67,7
"2017-08-22 23:00:00",74,8
"2017-08-22 23:05:00",72,5
"2017-08-22 23:10:00",66,9
"2017-08-22 23:15:00",71,7
"2017-08-22 23:20:00",72,5
"2017-08-22 23:25:00",72,5
"2017-08-22 23:30:00",70,6
"2017-08-22 23:35:00",67,7
"2017-08-22 23:40:00",74,7
"2017-08-22 23:45:00",70,6
"2017-08-22 23:50:00",73,8
"2017-08-22 23:55:00",71,7
"2017-08-23 00:00:00",66,5
"2017-08-23 00:05:00",78,13
"2017-08-23 00:10:00",77,6
"2017-08-23 00:15:00",72,7
"2017-08-23 00:20:00",76,8
"2017-08-23 00:25:00",69,6
"2017-08-23 00:30:00",67,9
"2017-08-23 00:35:00",67,11
"2017-08-23 00:40:00",80,7
"2017-08-23 00:45:00",81,8
"2017-08-23 00:50:00",74,8
"2017-08-23 00:55:00",78,9
"2017-08-23 01:00:00",77,8
"2017-08-23 01:05:00",71,7
"2017-08-23 01:10:00",78,14
"2017-08-23 01:15:00",72,9
"2017-08-23 01:20:00",78,7
"2017-08-23 01:25:00",80,5
"2017-08-23 01:30:00",74,6
"2017-08-23 01:35:00",65,5
"2017-08-23 01:40:00",73,8
"2017-08-23 01:45:00",73,7
"2017-08-23 01:50:00",71,4
"2017-08-23 01:55:00",69,4
"2017-08-23 02:00:00",81,10
"2017-08-23 02:05:00",74,10
"2017-08-23 02:10:00",71,4
"2017-08-23 02:15:00",70,5
"2017-08-23 02:20:00",75,5
"2017-08-23 02:25:00",77,9
"2017-08-23 02:30:00",80,6
"2017-08-23 02:35:00",69,8
"2017-08-23 02:40:00",74,9
"2017-08-23 02:45:00",73,7
"2017-08-23 02:50:00",74,4
"2017-08-23 02:55:00",74,5
"2017-08-23 03:00:00",66,6
"2017-08-23 03:05:00",64,9
"2017-08-23 03:10:00",75,6
"2017-08-23 03:15:00",70,5
"2017-08-23 03:20:00",71,5
"2017-08-23 03:25:00",73,10
"2017-08-23 03:30:00",80,7
"2017-08-23 03:35:00",76,10
"2017-08-23 03:40:00",77,3
"2017-08-23 03:45:00",76,6
"2017-08-23 03:50:00",69,9
"2017-08-23 03:55:00",78,4
"2017-08-23 04:00:00",84,5
"2017-08-23 04:05:00",76,14
"2017-08-23 04:10:00",74,7
"2017-08-23 04:15:00",66,3
"2017-08-23 04:20:00",66,6
"2017-08-23 04:25:00",68,9
"2017-08-23 04:30:00",74,5
"2017-08-23 04:35:00",78,3
"2017-08-23 04:40:00",77,6
"2017-08-23 04:45:00",72,10
"2017-08-23 04:50:00",65,3
"2017-08-23 04:55:00",74,8
"2017-08-23 05:00:00",70,5
"2017-08-23 05:05:00",76,8
"2017-08-23 05:10:00",74,8
"2017-08-23 05:15:00",72,8
"2017-08-23 05:20:00",76,7
"2017-08-23 05:25:00",76,14
"2017-08-23 05:30:00",72,6
"2017-08-23 05:35:00",81,9
"2017-08-23 05:40:00",77,10
"2017-08-23 05:45:00",75,8
"2017-08-23 05:50:00",74,5
"2017-08-23 05:55:00",70,7
"2017-08-23 06:00:00",73,9
"2017-08-23 06:05:00",74,9
"2017-08-23 06:10:00",70,12
"2017-08-23 06:15:00",70,6
"2017-08-23 06:20:00",70,10
"2017-08-23 06:25:00",69,12
"2017-08-23 06:30:00",74,5
"2017-08-23 06:35:00",68,19
"2017-08-23 06:40:00",71,8
"2017-08-23 06:45:00",75,6
"2017-08-23 06:50:00",78,9
"2017-08-23 06:55:00",79,9
"2017-08-23 07:00:00",76,8
"2017-08-23 07:05:00",79,13
"2017-08-23 07:10:00",70,11
"2017-08-23 07:15:00",80,8
"2017-08-23 07:20:00",75,13
"2017-08-23 07:25:00",80,11
"2017-08-23 07:30:00",78,12
"2017-08-23 07:35:00",75,12
"2017-08-23 07:40:00",80,10
"2017-08-23 07:45:00",78,10
"2017-08-23 07:50:00",77,10
"2017-08-23 07:55:00",74,6
"2017-08-23 08:00:00",75,8
"2017-08-23 08:05:00",76,10
"2017-08-23 08:10:00",72,7
"2017-08-23 08:15:00",79,11
"2017-08-23 08:20:00",77,21
"2017-08-23 08:25:00",86,12
"2017-08-23 08:30:00",80,14
"2017-08-23 08:35:00",76,14
"2017-08-23 08:40:00",78,13
"2017-08-23 08:45:00",83,7
"2017-08-23 08:50:00",78,18
"2017-08-23 08:55:00",87,8
"2017-08-23 09:00:00",85,11
"2017-08-23 09:05:00",78,15
"2017-08-23 09:10:00",75,11
"2017-08-23 09:15:00",70,17
"2017-08-23 09:20:00",71,12
"2017-08-23 09:25:00",73,15
"2017-08-23 09:30:00",74,17
"2017-08-23 09:35:00",85,9
"2017-08-23 09:40:00",73,15
"2017-08-23 09:45:00",75,19
"2017-08-23 09:50:00",80,16
"2017-08-23 09:55:00",76,13
"2017-08-23 10:00:00",80,14
"2017-08-23 10:05:00",75,13
"2017-08-23 10:10:00",67,16
"2017-08-23 10:15:00",77,25
"2017-08-23 10:20:00",76,14
"2017-08-23 10:25:00",72,18
"2017-08-23 10:30:00",80,9
"2017-08-23 10:35:00",72,17
"2017-08-23 10:40:00",77,13
"2017-08-23 10:45:00",79,14
"2017-08-23 10:50:00",79,14
"2017-08-23 10:55:00",82,12
"2017-08-23 11:00:00",78,13
"2017-08-23 11:05:00",80,14
"2017-08-23 11:10:00",75,17
"2017-08-23 11:15:00",75,12
"2017-08-23 11:20:00",75,9
"2017-08-23 11:25:00",75,15
"2017-08-23 11:30:00",80,10
"2017-08-23 11:35:00",75,11
"2017-08-23 11:40:00",71,16
"2017-08-23 11:45:00",72,10
"2017-08-23 11:50:00",72,10
"2017-08-23 11:55:00",76,16
"2017-08-23 12:00:00",77,13
"2017-08-23 12:05:00",75,11
"2017-08-23 12:10:00",74,13
"2017-08-23 12:15:00",74,13
"2017-08-23 12:20:00",77,12
"2017-08-23 12:25:00",79,22
"2017-08-23 12:30:00",75,19
"2017-08-23 12:35:00",68,13
"2017-08-23 12:40:00",75,16
"2017-08-23 12:45:00",80,15
"2017-08-23 12:50:00",73,18
"2017-08-23 12:55:00",71,16
"2017-08-23 13:00:00",74,15
"2017-08-23 13:05:00",70,11
"2017-08-23 13:10:00",76,23
"2017-08-23 13:15:00",71,14
"2017-08-23 13:20:00",72,13
"2017-08-23 13:25:00",72,12
"2017-08-23 13:30:00",80,16
"2017-08-23 13:35:00",74,14
"2017-08-23 13:40:00",73,16
"2017-08-23 13:45:00",80,15
"2017-08-23 13:50:00",78,15
"2017-08-23 13:55:00",81,12
"2017-08-23 14:00:00",74,17
"2017-08-23 14:05:00",81,14
"2017-08-23 14:10:00",82,19
"2017-08-23 14:15:00",71,10
"2017-08-23 14:20:00",81,14
"2017-08-23 14:25:00",75,24
"2017-08-23 14:30:00",76,8
"2017-08-23 14:35:00",72,20
"2017-08-23 14:40:00",80,21
"2017-08-23 14:45:00",80,13
"2017-08-23 14:50:00",69,17
"2017-08-23 14:55:00",75,16
"2017-08-23 15:00:00",70,15
"2017-08-23 15:05:00",74,19
"2017-08-23 15:10:00",73,14
"2017-08-23 15:15:00",78,19
"2017-08-23 15:20:00",79,16
"2017-08-23 15:25:00",80,12
"2017-08-23 15:30:00",78,21
"2017-08-23 15:55:00",69,10
"2017-08-23 16:00:00",65,12
"2017-08-23 16:05:00",72,16
"2017-08-23 16:10:00",73,16
"2017-08-23 16:15:00",77,20
"2017-08-23 16:20:00",77,19
"2017-08-23 16:25:00",77,16
"2017-08-23 16:30:00",70,17
"2017-08-23 16:35:00",80,18
"2017-08-23 16:40:00",73,19
"2017-08-23 16:45:00",84,13
"2017-08-23 16:50:00",83,14
"2017-08-23 16:55:00",76,15
"2017-08-23 17:00:00",72,22
"2017-08-23 17:05:00",84,11
"2017-08-23 17:10:00",75,16
"2017-08-23 17:15:00",76,13
"2017-08-23 17:20:00",79,9
"2017-08-23 17:25:00",76,18
"2017-08-23 17:30:00",72,14
"2017-08-23 17:35:00",79,13
"2017-08-23 17:40:00",84,18
"2017-08-23 17:45:00",81,13
"2017-08-23 17:50:00",71,9
"2017-08-23 17:55:00",70,13
"2017-08-23 18:00:00",81,9
"2017-08-23 18:05:00",81,9
"2017-08-23 18:10:00",71,8
"2017-08-23 18:15:00",77,13
"2017-08-23 18:20:00",79,8
"2017-08-23 18:25:00",82,11
"2017-08-23 18:30:00",78,8
"2017-08-23 18:35:00",70,12
"2017-08-23 18:40:00",73,12
"2017-08-23 18:45:00",68,10
"2017-08-23 18:50:00",82,12
"2017-08-23 18:55:00",73,6
"2017-08-23 19:00:00",63,9
"2017-08-23 19:05:00",75,11
"2017-08-23 19:10:00",61,4
"2017-08-23 19:15:00",74,11
"2017-08-23 19:20:00",77,9
"2017-08-23 19:25:00",67,8
"2017-08-23 19:30:00",78,10
"2017-08-23 19:35:00",77,16
"2017-08-23 19:40:00",66,7
"2017-08-23 19:45:00",76,9
"2017-08-23 19:50:00",70,9
"2017-08-23 19:55:00",73,10
"2017-08-23 20:00:00",65,11
"2017-08-23 20:05:00",74,9
"2017-08-23 20:10:00",83,10
"2017-08-23 20:15:00",75,10
"2017-08-23 20:20:00",73,7
"2017-08-23 20:25:00",74,6
"2017-08-23 20:30:00",71,13
"2017-08-23 20:35:00",81,8
"2017-08-23 20:40:00",71,12
"2017-08-23 20:45:00",94,8
"2017-08-23 20:50:00",76,8
"2017-08-23 20:55:00",76,9
"2017-08-23 21:05:00",71,10
"2017-08-23 21:10:00",77,9
"2017-08-23 21:15:00",82,10
"2017-08-23 21:20:00",71,6
"2017-08-23 21:25:00",84,10
"2017-08-23 21:30:00",69,9
"2017-08-23 21:35:00",70,10
"2017-08-23 21:40:00",79,5
"2017-08-23 21:45:00",82,6
"2017-08-23 21:50:00",74,6
"2017-08-23 21:55:00",82,7
"2017-08-23 22:00:00",76,12
"2017-08-23 22:05:00",74,4
"2017-08-23 22:10:00",69,5
"2017-08-23 22:15:00",71,4
"2017-08-23 22:20:00",75,7
"2017-08-23 22:25:00",74,11
"2017-08-23 22:30:00",76,5
"2017-08-23 22:35:00",66,6
"2017-08-23 22:40:00",76,11
"2017-08-23 22:45:00",82,3
"2017-08-23 22:50:00",72,6
"2017-08-23 22:55:00",68,11
"2017-08-23 23:00:00",76,6
"2017-08-23 23:05:00",75,7
"2017-08-23 23:10:00",79,6
"2017-08-23 23:15:00",62,12
"2017-08-23 23:20:00",72,10
"2017-08-23 23:25:00",72,9
"2017-08-23 23:30:00",82,5
"2017-08-23 23:35:00",75,14
"2017-08-23 23:40:00",73,11
"2017-08-23 23:45:00",71,7
"2017-08-23 23:50:00",72,16
"2017-08-23 23:55:00",64,8
"2017-08-24 00:00:00",67,7
"2017-08-24 00:05:00",75,9
"2017-08-24 00:10:00",74,17
"2017-08-24 00:15:00",78,10
"2017-08-24 00:20:00",88,13
"2017-08-24 00:25:00",75,4
"2017-08-24 00:30:00",71,11
"2017-08-24 00:35:00",76,12
"2017-08-24 00:40:00",72,11
"2017-08-24 00:45:00",75,5
"2017-08-24 00:50:00",73,10
"2017-08-24 00:55:00",72,8
"2017-08-24 01:00:00",74,6
"2017-08-24 01:05:00",71,6
"2017-08-24 01:10:00",84,8
"2017-08-24 01:15:00",74,7
"2017-08-24 01:20:00",72,10
"2017-08-24 01:25:00",69,8
"2017-08-24 01:30:00",79,4
"2017-08-24 01:35:00",71,10
"2017-08-24 01:40:00",69,11
"2017-08-24 01:45:00",78,11
"2017-08-24 01:50:00",78,4
"2017-08-24 01:55:00",68,8
"2017-08-24 02:00:00",74,6
"2017-08-24 02:05:00",75,6
"2017-08-24 02:10:00",72,5
"2017-08-24 02:15:00",69,8
"2017-08-24 02:20:00",68,14
"2017-08-24 02:25:00",78,4
"2017-08-24 02:30:00",72,9
"2017-08-24 02:35:00",73,6
"2017-08-24 02:40:00",73,7
"2017-08-24 02:45:00",75,6
"2017-08-24 02:50:00",66,7
"2017-08-24 02:55:00",73,8
"2017-08-24 03:00:00",78,5
"2017-08-24 03:05:00",77,4
"2017-08-24 03:10:00",68,4
"2017-08-24 03:15:00",72,4
"2017-08-24 03:20:00",69,8
"2017-08-24 03:25:00",73,5
"2017-08-24 03:30:00",59,5
"2017-08-24 03:35:00",72,4
"2017-08-24 03:40:00",78,7
"2017-08-24 03:45:00",64,6
"2017-08-24 03:50:00",69,4
"2017-08-24 03:55:00",86,6
"2017-08-24 04:00:00",67,7
"2017-08-24 04:05:00",74,8
"2017-08-24 04:10:00",75,8
"2017-08-24 04:15:00",74,8
"2017-08-24 04:20:00",76,5
"2017-08-24 04:25:00",71,4
"2017-08-24 04:30:00",68,7
"2017-08-24 04:35:00",66,5
"2017-08-24 04:40:00",68,3
"2017-08-24 04:45:00",75,11
"2017-08-24 04:50:00",80,6
"2017-08-24 04:55:00",77,4
"2017-08-24 05:00:00",77,5
"2017-08-24 05:05:00",59,5
"2017-08-24 05:10:00",79,4
"2017-08-24 05:15:00",73,7
"2017-08-24 05:20:00",84,8
"2017-08-24 05:25:00",78,6
"2017-08-24 05:30:00",65,7
"2017-08-24 05:35:00",76,8
"2017-08-24 05:40:00",76,8
"2017-08-24 05:45:00",74,9
"2017-08-24 05:50:00",79,4
"2017-08-24 05:55:00",79,4
"2017-08-24 06:00:00",75,14
"2017-08-24 06:05:00",79,13
"2017-08-24 06:10:00",68,10
"2017-08-24 06:15:00",71,12
"2017-08-24 06:20:00",80,8
"2017-08-24 06:25:00",71,12
"2017-08-24 06:30:00",75,12
"2017-08-24 06:35:00",76,11
"2017-08-24 06:40:00",72,7
"2017-08-24 06:45:00",75,12
"2017-08-24 06:50:00",72,18
"2017-08-24 06:55:00",70,9
"2017-08-24 07:00:00",85,5
"2017-08-24 07:05:00",80,18
"2017-08-24 07:10:00",73,12
"2017-08-24 07:15:00",75,16
"2017-08-24 07:20:00",73,8
"2017-08-24 07:25:00",77,9
"2017-08-24 07:30:00",77,7
"2017-08-24 07:35:00",83,11
"2017-08-24 07:40:00",78,14
"2017-08-24 07:45:00",76,19
"2017-08-24 07:50:00",79,13
"2017-08-24 07:55:00",77,9
"2017-08-24 08:00:00",75,8
"2017-08-24 08:05:00",80,12
"2017-08-24 08:10:00",76,12
"2017-08-24 08:15:00",76,9
"2017-08-24 08:20:00",77,12
"2017-08-24 08:25:00",78,9
"2017-08-24 08:30:00",75,8
"2017-08-24 08:35:00",89,4
"2017-08-24 08:40:00",77,15
"2017-08-24 08:45:00",66,9
"2017-08-24 08:50:00",75,13
"2017-08-24 08:55:00",75,19
"2017-08-24 09:00:00",70,19
"2017-08-24 09:05:00",90,12
"2017-08-24 09:10:00",77,23
"2017-08-24 09:15:00",83,13
"2017-08-24 09:20:00",81,14
"2017-08-24 09:25:00",69,15
"2017-08-24 09:30:00",82,18
"2017-08-24 09:35:00",71,19
"2017-08-24 09:40:00",72,13
"2017-08-24 09:45:00",87,6
"2017-08-24 09:50:00",65,18
"2017-08-24 13:40:00",73,12
"2017-08-24 13:45:00",75,14
"2017-08-24 13:50:00",72,14
"2017-08-24 13:55:00",72,16
"2017-08-24 14:00:00",78,14
"2017-08-24 14:05:00",72,15
"2017-08-24 14:10:00",83,22
"2017-08-24 14:15:00",80,11
"2017-08-24 14:20:00",76,10
"2017-08-24 14:25:00",73,13
"2017-08-24 14:30:00",69,13
"2017-08-24 14:35:00",70,12
"2017-08-24 14:40:00",74,12
"2017-08-24 14:45:00",78,15
"2017-08-24 14:50:00",75,17
"2017-08-24 14:55:00",77,17
"2017-08-24 15:00:00",71,15
"2017-08-24 15:05:00",70,16
"2017-08-24 15:10:00",70,13
"2017-08-24 15:15:00",80,13
"2017-08-24 15:20:00",75,15
"2017-08-24 15:25:00",76,13
"2017-08-24 15:30:00",83,17
"2017-08-24 15:55:00",74,19
"2017-08-24 16:00:00",79,11
"2017-08-24 16:05:00",74,20
"2017-08-24 16:10:00",75,14
"2017-08-24 16:15:00",80,14
"2017-08-24 16:20:00",79,23
"2017-08-24 16:25:00",79,14
"2017-08-24 16:30:00",77,16
"2017-08-24 16:35:00",70,11
"2017-08-24 16:40:00",73,14
"2017-08-24 16:45:00",81,15
"2017-08-24 16:50:00",71,14
"2017-08-24 16:55:00",79,13
"2017-08-24 17:00:00",79,13
"2017-08-24 17:05:00",74,12
"2017-08-24 17:10:00",86,16
"2017-08-24 17:15:00",86,17
"2017-08-24 17:20:00",82,15
"2017-08-24 17:25:00",86,16
"2017-08-24 17:30:00",78,17
"2017-08-24 17:35:00",77,10
"2017-08-24 17:40:00",81,11
"2017-08-24 17:45:00",77,11
"2017-08-24 17:50:00",79,12
"2017-08-24 17:55:00",77,15
"2017-08-24 18:00:00",80,13
"2017-08-24 18:05:00",79,14
"2017-08-24 18:10:00",83,18
"2017-08-24 18:15:00",82,10
"2017-08-24 18:20:00",76,10
"2017-08-24 18:25:00",81,12
"2017-08-24 18:30:00",70,10
"2017-08-24 18:35:00",72,9
"2017-08-24 18:40:00",66,7
"2017-08-24 18:45:00",76,16
"2017-08-24 18:50:00",75,8
"2017-08-24 18:55:00",74,10
"2017-08-24 19:00:00",75,10
"2017-08-24 19:05:00",73,13
"2017-08-24 19:10:00",79,5
"2017-08-24 19:15:00",84,12
"2017-08-24 19:20:00",69,7
"2017-08-24 19:25:00",84,6
"2017-08-24 19:30:00",77,11
"2017-08-24 19:35:00",75,15
"2017-08-24 19:40:00",74,9
"2017-08-24 19:45:00",88,5
"2017-08-24 19:50:00",76,9
"2017-08-24 19:55:00",78,14
"2017-08-24 20:00:00",73,8
"2017-08-24 20:05:00",71,13
"2017-08-24 20:10:00",75,11
"2017-08-24 20:15:00",71,8
"2017-08-24 20:20:00",74,7
"2017-08-24 20:25:00",67,8
"2017-08-24 20:30:00",65,8
"2017-08-24 20:35:00",63,14
"2017-08-24 20:40:00",65,7
"2017-08-24 20:45:00",83,9
"2017-08-24 20:50:00",73,5
"2017-08-24 20:55:00",77,8
"2017-08-24 21:00:00",72,11
"2017-08-24 21:05:00",71,9
"2017-08-24 21:10:00",72,10
"2017-08-24 21:15:00",79,8
"2017-08-24 21:20:00",71,12
"2017-08-24 21:25:00",72,11
"2017-08-24 21:30:00",72,8
"2017-08-24 21:35:00",69,12
"2017-08-24 21:40:00",72,15
"2017-08-24 21:45:00",67,6
"2017-08-24 21:50:00",77,9
"2017-08-24 21:55:00",63,6
"2017-08-24 22:00:00",70,11
"2017-08-24 22:05:00",72,12
"2017-08-24 22:10:00",70,9
"2017-08-24 22:15:00",67,12
"2017-08-24 22:20:00",64,8
"2017-08-24 22:25:00",71,7
"2017-08-24 22:30:00",65,5
"2017-08-24 22:35:00",70,1
"2017-08-24 22:40:00",68,9
"2017-08-24 22:45:00",68,15
"2017-08-24 22:50:00",73,6
"2017-08-24 22:55:00",76,7
"2017-08-24 23:00:00",87,6
"2017-08-24 23:05:00",76,7
"2017-08-24 23:10:00",76,8
"2017-08-24 23:15:00",75,7
"2017-08-24 23:20:00",74,11
"2017-08-24 23:25:00",70,7
"2017-08-24 23:30:00",76,9
"2017-08-24 23:35:00",78,6
"2017-08-24 23:40:00",78,12
"2017-08-24 23:45:00",61,5
"2017-08-24 23:50:00",73,12
"2017-08-24 23:55:00",71,7
"2017-08-25 00:00:00",74,7
"2017-08-25 00:05:00",68,8
"2017-08-25 00:10:00",83,8
"2017-08-25 00:15:00",73,9
"2017-08-25 00:20:00",69,8
"2017-08-25 00:25:00",72,8
"2017-08-25 00:30:00",72,8
"2017-08-25 00:35:00",73,5
"2017-08-25 00:40:00",71,7
"2017-08-25 00:45:00",79,7
"2017-08-25 00:50:00",73,6
"2017-08-25 00:55:00",71,11
"2017-08-25 01:00:00",72,8
"2017-08-25 01:05:00",72,7
"2017-08-25 01:10:00",71,6
"2017-08-25 01:15:00",74,8
"2017-08-25 01:20:00",70,6
"2017-08-25 01:25:00",77,9
"2017-08-25 01:30:00",79,11
"2017-08-25 01:35:00",73,9
"2017-08-25 01:40:00",75,4
"2017-08-25 01:45:00",80,3
"2017-08-25 01:50:00",74,11
"2017-08-25 01:55:00",78,2
"2017-08-25 02:00:00",76,5
"2017-08-25 02:05:00",72,7
"2017-08-25 02:10:00",68,9
"2017-08-25 02:15:00",70,8
"2017-08-25 02:20:00",76,8
"2017-08-25 02:25:00",70,5
"2017-08-25 02:30:00",73,8
"2017-08-25 02:35:00",70,5
"2017-08-25 02:40:00",62,6
"2017-08-25 02:45:00",74,3
"2017-08-25 02:50:00",80,14
"2017-08-25 02:55:00",72,10
"2017-08-25 03:00:00",71,9
"2017-08-25 03:05:00",79,8
"2017-08-25 03:10:00",73,2
"2017-08-25 03:15:00",75,5
"2017-08-25 03:20:00",73,7
"2017-08-25 03:25:00",76,10
"2017-08-25 03:30:00",68,3
"2017-08-25 03:35:00",68,4
"2017-08-25 03:40:00",76,9
"2017-08-25 03:45:00",72,7
"2017-08-25 03:50:00",71,8
"2017-08-25 03:55:00",68,4
"2017-08-25 04:00:00",74,7
"2017-08-25 04:05:00",75,6
"2017-08-25 04:10:00",71,7
"2017-08-25 04:15:00",77,8
"2017-08-25 04:20:00",71,7
"2017-08-25 04:25:00",69,7
"2017-08-25 04:30:00",70,4
"2017-08-25 04:35:00",83,4
"2017-08-25 04:40:00",77,5
"2017-08-25 04:45:00",72,5
"2017-08-25 04:50:00",74,5
"2017-08-25 04:55:00",78,3
"2017-08-25 05:00:00",74,6
"2017-08-25 05:05:00",65,11
"2017-08-25 05:10:00",65,12
"2017-08-25 05:15:00",74,4
"2017-08-25 05:20:00",68,2
"2017-08-25 05:25:00",73,11
"2017-08-25 05:30:00",73,10
"2017-08-25 05:35:00",69,5
"2017-08-25 05:40:00",76,8
"2017-08-25 05:45:00",77,10
"2017-08-25 05:50:00",80,10
"2017-08-25 05:55:00",72,7
"2017-08-25 06:00:00",74,6
"2017-08-25 06:05:00",72,11
"2017-08-25 06:10:00",75,7
"2017-08-25 06:15:00",62,9
"2017-08-25 06:20:00",73,14
"2017-08-25 06:25:00",66,10
"2017-08-25 06:30:00",78,12
"2017-08-25 06:35:00",71,4
"2017-08-25 06:40:00",70,8
"2017-08-25 06:45:00",78,15
"2017-08-25 06:50:00",72,12
"2017-08-25 06:55:00",80,13
"2017-08-25 07:00:00",70,14
"2017-08-25 07:05:00",75,11
"2017-08-25 07:10:00",75,7
"2017-08-25 07:15:00",77,13
"2017-08-25 07:20:00",81,10
"2017-08-25 07:25:00",83,9
"2017-08-25 07:30:00",69,6
"2017-08-25 07:35:00",76,9
"2017-08-25 07:40:00",75,9
"2017-08-25 07:45:00",84,9
"2017-08-25 07:50:00",85,9
"2017-08-25 07:55:00",82,11
"2017-08-25 08:00:00",80,13
"2017-08-25 08:05:00",75,10
"2017-08-25 08:10:00",83,10
"2017-08-25 08:15:00",76,6
"2017-08-25 08:20:00",76,12
"2017-08-25 08:25:00",71,11
"2017-08-25 08:30:00",82,11
"2017-08-25 08:35:00",82,7
"2017-08-25 08:40:00",77,8
"2017-08-25 08:45:00",76,14
"2017-08-25 08:50:00",79,12
"2017-08-25 08:55:00",85,13
"2017-08-25 09:00:00",74,14
"2017-08-25 09:05:00",79,15
"2017-08-25 09:10:00",76,16
"2017-08-25 09:15:00",82,17
"2017-08-25 09:20:00",78,14
"2017-08-25 09:25:00",81,17
"2017-08-25 09:30:00",78,7
"2017-08-25 09:35:00",76,15
"2017-08-25 09:40:00",81,12
"2017-08-25 09:45:00",78,19
"2017-08-25 09:50:00",79,12
"2017-08-25 09:55:00",80,16
"2017-08-25 10:00:00",75,14
"2017-08-25 10:05:00",85,18
"2017-08-25 10:10:00",84,20
"2017-08-25 10:15:00",76,17
"2017-08-25 10:20:00",78,16
"2017-08-25 10:25:00",88,17
"2017-08-25 10:30:00",78,16
"2017-08-25 10:35:00",80,19
"2017-08-25 10:40:00",72,14
"2017-08-25 10:45:00",77,12
"2017-08-25 10:50:00",78,17
"2017-08-25 10:55:00",78,11
"2017-08-25 11:00:00",80,18
"2017-08-25 11:05:00",82,16
"2017-08-25 11:10:00",73,15
"2017-08-25 11:15:00",73,11
"2017-08-25 11:20:00",78,17
"2017-08-25 11:25:00",75,12
"2017-08-25 11:30:00",75,15
"2017-08-25 11:35:00",82,15
"2017-08-25 11:40:00",79,14
"2017-08-25 11:45:00",77,10
"2017-08-25 11:50:00",76,13
"2017-08-25 11:55:00",86,15
"2017-08-25 12:00:00",79,15
"2017-08-25 12:05:00",79,13
"2017-08-25 12:10:00",88,15
"2017-08-25 12:15:00",72,12
"2017-08-25 12:20:00",79,24
"2017-08-25 12:25:00",78,14
"2017-08-25 12:30:00",75,15
"2017-08-25 12:35:00",77,14
"2017-08-25 12:40:00",71,9
"2017-08-25 12:45:00",83,15
"2017-08-25 12:50:00",73,13
"2017-08-25 12:55:00",77,13
"2017-08-25 13:00:00",74,14
"2017-08-25 13:05:00",79,15
"2017-08-25 13:10:00",82,15
"2017-08-25 13:15:00",83,17
"2017-08-25 13:20:00",74,19
"2017-08-25 13:25:00",66,16
"2017-08-25 13:30:00",76,16
"2017-08-25 13:35:00",74,17
"2017-08-25 13:40:00",90,16
"2017-08-25 13:45:00",71,17
"2017-08-25 13:50:00",76,13
"2017-08-25 13:55:00",78,16
"2017-08-25 14:00:00",74,12
"2017-08-25 14:05:00",77,18
"2017-08-25 14:10:00",74,14
"2017-08-25 14:15:00",78,19
"2017-08-25 14:20:00",75,20
"2017-08-25 14:25:00",80,15
"2017-08-25 14:30:00",92,26
"2017-08-25 14:35:00",85,21
"2017-08-25 14:40:00",81,26
"2017-08-25 14:45:00",92,21
"2017-08-25 14:50:00",89,17
"2017-08-25 14:55:00",74,20
"2017-08-25 15:00:00",84,21
"2017-08-25 15:05:00",79,17
"2017-08-25 15:10:00",78,23
"2017-08-25 15:15:00",73,16
"2017-08-25 15:20:00",74,11
"2017-08-25 15:25:00",75,27
"2017-08-25 15:30:00",81,17
"2017-08-25 15:35:00",79,13
"2017-08-25 15:40:00",75,18
"2017-08-25 15:45:00",80,16
"2017-08-25 15:50:00",79,23
"2017-08-25 15:55:00",82,29
"2017-08-25 16:00:00",81,19
"2017-08-25 16:05:00",85,19
"2017-08-25 16:10:00",78,23
"2017-08-25 16:15:00",86,31
"2017-08-25 16:20:00",69,18
"2017-08-25 16:25:00",84,25
"2017-08-25 16:30:00",80,20
"2017-08-25 16:35:00",101,19
"2017-08-25 16:40:00",83,18
"2017-08-25 16:45:00",83,25
"2017-08-25 16:50:00",84,20
"2017-08-25 16:55:00",91,15
"2017-08-25 17:00:00",88,18
"2017-08-25 17:05:00",88,20
"2017-08-25 17:10:00",83,18
"2017-08-25 17:15:00",81,17
"2017-08-25 17:20:00",84,16
"2017-08-25 17:25:00",90,19
"2017-08-25 17:30:00",82,20
"2017-08-25 17:35:00",84,21
"2017-08-25 17:40:00",77,17
"2017-08-25 17:45:00",85,24
"2017-08-25 17:50:00",89,14
"2017-08-25 17:55:00",88,17
"2017-08-25 18:00:00",73,16
"2017-08-25 18:05:00",75,15
"2017-08-25 18:10:00",70,18
"2017-08-25 18:15:00",84,15
"2017-08-25 18:20:00",74,12
"2017-08-25 18:25:00",81,15
"2017-08-25 18:30:00",76,16
"2017-08-25 18:35:00",87,16
"2017-08-25 18:40:00",84,14
"2017-08-25 18:45:00",82,12
"2017-08-25 18:50:00",80,14
"2017-08-25 18:55:00",79,12
"2017-08-25 19:00:00",86,14
"2017-08-25 19:05:00",86,11
"2017-08-25 19:10:00",80,18
"2017-08-25 19:15:00",87,10
"2017-08-25 19:20:00",78,17
"2017-08-25 19:25:00",76,15
"2017-08-25 19:30:00",76,11
"2017-08-25 19:35:00",76,14
"2017-08-25 19:40:00",69,13
"2017-08-25 19:45:00",78,13
"2017-08-25 19:50:00",73,10
"2017-08-25 19:55:00",80,8
"2017-08-25 20:00:00",74,11
"2017-08-25 20:05:00",73,9
"2017-08-25 20:10:00",71,13
"2017-08-25 20:15:00",76,8
"2017-08-25 20:20:00",77,7
"2017-08-25 20:25:00",77,11
"2017-08-25 20:30:00",76,13
"2017-08-25 20:35:00",76,9
"2017-08-25 20:40:00",76,7
"2017-08-25 20:45:00",76,14
"2017-08-25 20:50:00",74,7
"2017-08-25 20:55:00",74,4
"2017-08-25 21:00:00",79,12
"2017-08-25 21:05:00",73,11
"2017-08-25 21:10:00",71,6
"2017-08-25 21:15:00",77,9
"2017-08-25 21:20:00",73,4
"2017-08-25 21:25:00",82,6
"2017-08-25 21:30:00",71,6
"2017-08-25 21:35:00",67,7
"2017-08-25 21:40:00",73,10
"2017-08-25 21:45:00",77,8
"2017-08-25 21:50:00",83,7
"2017-08-25 21:55:00",72,8
"2017-08-25 22:00:00",68,13
"2017-08-25 22:05:00",70,8
"2017-08-25 22:10:00",77,11
"2017-08-25 22:15:00",76,6
"2017-08-25 22:20:00",70,8
"2017-08-25 22:25:00",78,3
"2017-08-25 22:30:00",84,3
"2017-08-25 22:35:00",71,8
"2017-08-25 22:40:00",77,6
"2017-08-25 22:45:00",84,4
"2017-08-25 22:50:00",73,7
"2017-08-25 22:55:00",76,5
"2017-08-25 23:00:00",75,8
"2017-08-25 23:05:00",75,11
"2017-08-25 23:10:00",75,3
"2017-08-25 23:15:00",71,6
"2017-08-25 23:20:00",80,9
"2017-08-25 23:25:00",73,5
"2017-08-25 23:30:00",73,7
"2017-08-25 23:35:00",72,8
"2017-08-25 23:40:00",83,10
"2017-08-25 23:45:00",76,5
"2017-08-25 23:50:00",78,8
"2017-08-25 23:55:00",77,6
"2017-08-26 00:00:00",83,6
"2017-08-26 00:05:00",57,7
"2017-08-26 00:10:00",70,8
"2017-08-26 00:15:00",76,8
"2017-08-26 00:20:00",70,12
"2017-08-26 00:25:00",74,8
"2017-08-26 00:30:00",80,10
"2017-08-26 00:35:00",72,7
"2017-08-26 00:40:00",73,7
"2017-08-26 00:45:00",70,5
"2017-08-26 00:50:00",65,4
"2017-08-26 00:55:00",71,4
"2017-08-26 01:00:00",82,10
"2017-08-26 01:05:00",76,7
"2017-08-26 01:10:00",73,9
"2017-08-26 01:15:00",74,3
"2017-08-26 01:20:00",74,9
"2017-08-26 01:25:00",79,8
"2017-08-26 01:30:00",76,4
"2017-08-26 01:35:00",71,7
"2017-08-26 01:40:00",86,4
"2017-08-26 01:45:00",83,9
"2017-08-26 01:50:00",77,5
"2017-08-26 01:55:00",78,2
"2017-08-26 02:00:00",70,6
"2017-08-26 02:05:00",71,3
"2017-08-26 02:10:00",77,4
"2017-08-26 02:15:00",73,7
"2017-08-26 02:20:00",66,2
"2017-08-26 02:25:00",72,7
"2017-08-26 02:30:00",80,3
"2017-08-26 02:35:00",74,2
"2017-08-26 02:40:00",80,3
"2017-08-26 02:45:00",70,8
"2017-08-26 02:50:00",73,10
"2017-08-26 02:55:00",71,8
"2017-08-26 03:00:00",65,6
"2017-08-26 03:05:00",77,9
"2017-08-26 03:10:00",78,6
"2017-08-26 03:15:00",68,5
"2017-08-26 03:20:00",75,4
"2017-08-26 03:25:00",75,7
"2017-08-26 03:30:00",82,4
"2017-08-26 03:35:00",66,2
"2017-08-26 03:40:00",80,7
"2017-08-26 03:45:00",76,4
"2017-08-26 03:50:00",76,4
"2017-08-26 03:55:00",86,4
"2017-08-26 04:00:00",68,9
"2017-08-26 04:05:00",68,8
"2017-08-26 04:10:00",82,4
"2017-08-26 04:15:00",69,11
"2017-08-26 04:20:00",77,8
"2017-08-26 04:25:00",74,10
"2017-08-26 04:30:00",78,7
"2017-08-26 04:35:00",70,4
"2017-08-26 04:40:00",78,6
"2017-08-26 04:45:00",69,6
"2017-08-26 04:50:00",69,5
"2017-08-26 04:55:00",61,3
"2017-08-26 05:00:00",85,7
"2017-08-26 05:05:00",73,3
"2017-08-26 05:10:00",82,7
"2017-08-26 05:15:00",69,4
"2017-08-26 05:20:00",80,4
"2017-08-26 05:25:00",60,2
"2017-08-26 05:30:00",77,13
"2017-08-26 05:35:00",77,5
"2017-08-26 05:40:00",73,10
"2017-08-26 05:45:00",72,6
"2017-08-26 05:50:00",79,4
"2017-08-26 05:55:00",72,12
"2017-08-26 06:00:00",72,7
"2017-08-26 06:05:00",75,14
"2017-08-26 06:10:00",72,7
"2017-08-26 06:15:00",71,6
"2017-08-26 06:20:00",75,10
"2017-08-26 06:25:00",71,9
"2017-08-26 06:30:00",73,10
"2017-08-26 06:35:00",75,13
"2017-08-26 06:40:00",71,8
"2017-08-26 06:45:00",71,8
"2017-08-26 06:50:00",74,10
"2017-08-26 06:55:00",74,10
"2017-08-26 07:00:00",72,12
"2017-08-26 07:05:00",75,10
"2017-08-26 07:10:00",71,12
"2017-08-26 07:15:00",75,7
"2017-08-26 07:20:00",78,10
"2017-08-26 07:25:00",72,8
"2017-08-26 07:30:00",77,8
"2017-08-26 07:35:00",85,8
"2017-08-26 07:40:00",83,9
"2017-08-26 07:45:00",84,11
"2017-08-26 07:50:00",74,11
"2017-08-26 07:55:00",70,6
"2017-08-26 08:00:00",78,11
"2017-08-26 08:05:00",81,10
"2017-08-26 08:10:00",78,11
"2017-08-26 08:15:00",78,14
"2017-08-26 08:20:00",78,9
"2017-08-26 08:25:00",90,12
"2017-08-26 08:30:00",71,10
"2017-08-26 08:35:00",86,14
"2017-08-26 08:40:00",87,12
"2017-08-26 08:45:00",83,11
"2017-08-26 08:50:00",82,16
"2017-08-26 08:55:00",82,16
"2017-08-26 09:00:00",83,13
"2017-08-26 09:05:00",77,20
"2017-08-26 09:10:00",83,18
"2017-08-26 09:15:00",86,22
"2017-08-26 09:20:00",87,14
"2017-08-26 09:25:00",83,22
"2017-08-26 09:30:00",87,16
"2017-08-26 09:35:00",87,15
"2017-08-26 09:40:00",92,13
"2017-08-26 09:45:00",82,18
"2017-08-26 09:50:00",82,20
"2017-08-26 09:55:00",78,26
"2017-08-26 10:00:00",81,12
"2017-08-26 10:05:00",80,19
"2017-08-26 10:10:00",89,24
"2017-08-26 10:15:00",82,26
"2017-08-26 10:20:00",89,28
"2017-08-26 10:25:00",80,22
"2017-08-26 10:30:00",83,15
"2017-08-26 10:35:00",82,18
"2017-08-26 10:40:00",78,23
"2017-08-26 10:45:00",83,18
"2017-08-26 10:50:00",88,15
"2017-08-26 10:55:00",84,13
"2017-08-26 11:00:00",76,19
"2017-08-26 11:05:00",81,13
"2017-08-26 11:10:00",86,18
"2017-08-26 11:15:00",83,18
"2017-08-26 11:20:00",89,19
"2017-08-26 11:25:00",79,19
"2017-08-26 11:30:00",84,17
"2017-08-26 11:35:00",74,15
"2017-08-26 11:40:00",72,10
"2017-08-26 11:45:00",77,21
"2017-08-26 11:50:00",87,23
"2017-08-26 11:55:00",80,17
"2017-08-26 12:00:00",75,16
"2017-08-26 12:05:00",82,14
"2017-08-26 12:10:00",80,14
"2017-08-26 12:15:00",79,15
"2017-08-26 12:20:00",81,8
"2017-08-26 12:25:00",93,14
"2017-08-26 12:30:00",82,14
"2017-08-26 12:35:00",77,13
"2017-08-26 12:40:00",81,13
"2017-08-26 12:45:00",83,20
"2017-08-26 12:50:00",84,15
"2017-08-26 12:55:00",76,19
"2017-08-26 13:00:00",76,15
"2017-08-26 13:05:00",80,18
"2017-08-26 13:10:00",80,18
"2017-08-26 13:15:00",86,18
"2017-08-26 13:20:00",87,16
"2017-08-26 13:25:00",77,15
"2017-08-26 13:30:00",83,23
"2017-08-26 13:35:00",82,18
"2017-08-26 13:40:00",87,12
"2017-08-26 13:45:00",82,11
"2017-08-26 13:50:00",88,19
"2017-08-26 13:55:00",85,11
"2017-08-26 14:00:00",85,10
"2017-08-26 14:05:00",86,16
"2017-08-26 14:10:00",80,19
"2017-08-26 14:15:00",84,20
"2017-08-26 14:20:00",84,19
"2017-08-26 14:25:00",79,21
"2017-08-26 14:30:00",76,15
"2017-08-26 14:35:00",79,14
"2017-08-26 14:40:00",77,18
"2017-08-26 14:45:00",84,21
"2017-08-26 14:50:00",80,22
"2017-08-26 14:55:00",94,20
"2017-08-26 15:00:00",85,20
"2017-08-26 15:05:00",83,24
"2017-08-26 15:10:00",77,18
"2017-08-26 15:15:00",86,21
"2017-08-26 15:20:00",86,21
"2017-08-26 15:25:00",88,18
"2017-08-26 15:30:00",89,18
"2017-08-26 15:35:00",81,17
"2017-08-26 15:40:00",82,26
"2017-08-26 15:45:00",86,21
"2017-08-26 15:50:00",83,20
"2017-08-26 15:55:00",78,18
"2017-08-26 16:00:00",85,15
"2017-08-26 16:05:00",86,20
"2017-08-26 16:10:00",82,18
"2017-08-26 16:15:00",84,23
"2017-08-26 16:20:00",85,18
"2017-08-26 16:25:00",83,15
"2017-08-26 16:30:00",88,15
"2017-08-26 16:35:00",82,16
"2017-08-26 16:40:00",75,19
"2017-08-26 16:45:00",89,19
"2017-08-26 16:50:00",87,12
"2017-08-26 16:55:00",89,12
"2017-08-26 17:00:00",92,13
"2017-08-26 17:05:00",87,21
"2017-08-26 17:10:00",87,24
"2017-08-26 17:15:00",77,9
"2017-08-26 17:20:00",84,19
"2017-08-26 17:25:00",82,15
"2017-08-26 17:30:00",83,16
"2017-08-26 17:35:00",92,17
"2017-08-26 17:40:00",92,12
"2017-08-26 17:45:00",80,13
"2017-08-26 17:50:00",81,16
"2017-08-26 17:55:00",77,12
"2017-08-26 18:00:00",79,12
"2017-08-26 18:05:00",75,9
"2017-08-26 18:10:00",91,17
"2017-08-26 18:15:00",78,13
"2017-08-26 18:20:00",88,15
"2017-08-26 18:25:00",80,8
"2017-08-26 18:30:00",84,11
"2017-08-26 18:35:00",82,10
"2017-08-26 18:40:00",77,9
"2017-08-26 18:45:00",87,9
"2017-08-26 18:50:00",72,11
"2017-08-26 18:55:00",81,6
"2017-08-26 19:00:00",86,8
"2017-08-26 19:05:00",74,9
"2017-08-26 19:10:00",84,9
"2017-08-26 19:15:00",79,9
"2017-08-26 19:20:00",73,10
"2017-08-26 19:25:00",82,13
"2017-08-26 19:30:00",77,10
"2017-08-26 19:35:00",70,8
"2017-08-26 19:40:00",78,10
"2017-08-26 19:45:00",76,5
"2017-08-26 19:50:00",67,12
"2017-08-26 19:55:00",84,12
"2017-08-26 20:00:00",78,19
"2017-08-26 20:05:00",76,5
"2017-08-26 20:10:00",78,11
"2017-08-26 20:15:00",72,6
"2017-08-26 20:20:00",75,9
"2017-08-26 20:25:00",70,6
"2017-08-26 20:30:00",66,9
"2017-08-26 20:35:00",76,6
"2017-08-26 20:40:00",79,6
"2017-08-26 20:45:00",74,6
"2017-08-26 20:50:00",83,7
"2017-08-26 20:55:00",81,12
"2017-08-26 21:00:00",78,11
"2017-08-26 21:05:00",87,6
"2017-08-26 21:10:00",81,9
"2017-08-26 21:15:00",84,8
"2017-08-26 21:20:00",78,10
"2017-08-26 21:25:00",76,8
"2017-08-26 21:30:00",83,7
"2017-08-26 21:35:00",69,10
"2017-08-26 21:40:00",70,8
"2017-08-26 21:45:00",76,10
"2017-08-26 21:50:00",72,9
"2017-08-26 21:55:00",85,7
"2017-08-26 22:00:00",69,9
"2017-08-26 22:05:00",73,10
"2017-08-26 22:10:00",65,5
"2017-08-26 22:15:00",73,14
"2017-08-26 22:20:00",76,6
"2017-08-26 22:25:00",72,7
"2017-08-26 22:30:00",72,8
"2017-08-26 22:35:00",74,7
"2017-08-26 22:40:00",73,5
"2017-08-26 22:45:00",65,5
"2017-08-26 22:50:00",72,10
"2017-08-27 07:00:00",76,8
"2017-08-27 07:05:00",76,12
"2017-08-27 07:10:00",82,10
"2017-08-27 07:15:00",67,11
"2017-08-27 07:20:00",77,12
"2017-08-27 07:25:00",78,8
"2017-08-27 07:30:00",91,3
"2017-08-27 07:35:00",81,11
"2017-08-27 07:40:00",74,12
"2017-08-27 07:45:00",84,13
"2017-08-27 07:50:00",78,12
"2017-08-27 07:55:00",73,7
"2017-08-27 08:00:00",76,11
"2017-08-27 08:05:00",79,13
"2017-08-27 08:10:00",74,15
"2017-08-27 08:15:00",75,9
"2017-08-27 08:20:00",74,8
"2017-08-27 08:25:00",72,8
"2017-08-27 08:30:00",71,6
"2017-08-27 08:35:00",71,10
"2017-08-27 08:40:00",76,12
"2017-08-27 08:45:00",83,13
"2017-08-27 08:50:00",93,7
"2017-08-27 08:55:00",70,8
"2017-08-27 09:00:00",86,11
"2017-08-27 09:05:00",83,13
"2017-08-27 09:10:00",87,14
"2017-08-27 09:15:00",77,10
"2017-08-27 09:20:00",84,15
"2017-08-27 09:25:00",88,13
"2017-08-27 09:30:00",80,14
"2017-08-27 09:35:00",79,15
"2017-08-27 09:40:00",85,18
"2017-08-27 09:45:00",74,21
"2017-08-27 09:50:00",84,15
"2017-08-27 09:55:00",78,17
"2017-08-27 10:00:00",73,13
"2017-08-27 10:05:00",80,16
"2017-08-27 10:10:00",85,17
"2017-08-27 10:15:00",76,15
"2017-08-27 10:20:00",92,14
"2017-08-27 10:25:00",87,12
"2017-08-27 10:30:00",86,15
"2017-08-27 10:35:00",77,17
"2017-08-27 10:40:00",81,14
"2017-08-27 10:45:00",83,16
"2017-08-27 10:50:00",77,17
"2017-08-27 10:55:00",66,8
"2017-08-27 11:00:00",83,13
"2017-08-27 11:05:00",69,11
"2017-08-27 11:10:00",74,14
"2017-08-27 11:15:00",80,14
"2017-08-27 11:20:00",76,9
"2017-08-27 11:25:00",82,13
"2017-08-27 11:30:00",75,13
"2017-08-27 11:35:00",79,13
"2017-08-27 11:40:00",75,10
"2017-08-27 11:45:00",72,10
"2017-08-27 11:50:00",77,15
"2017-08-27 11:55:00",83,16
"2017-08-27 12:00:00",90,8
"2017-08-27 12:05:00",79,15
"2017-08-27 12:10:00",70,12
"2017-08-27 12:15:00",82,10
"2017-08-27 12:20:00",87,18
"2017-08-27 12:25:00",81,15
"2017-08-27 12:30:00",67,12
"2017-08-27 12:35:00",77,13
"2017-08-27 12:40:00",61,7
"2017-08-27 12:45:00",83,15
"2017-08-27 12:50:00",81,7
"2017-08-27 12:55:00",79,15
"2017-08-27 13:00:00",67,10
"2017-08-27 13:05:00",72,12
"2017-08-27 13:10:00",76,17
"2017-08-27 13:15:00",77,23
"2017-08-27 13:20:00",78,18
"2017-08-27 13:25:00",74,18
"2017-08-27 13:30:00",73,17
"2017-08-27 13:35:00",80,14
"2017-08-27 13:40:00",70,14
"2017-08-27 13:45:00",76,18
"2017-08-27 13:50:00",87,20
"2017-08-27 13:55:00",76,15
"2017-08-27 14:00:00",79,15
"2017-08-27 14:05:00",79,19
"2017-08-27 14:10:00",92,20
"2017-08-27 14:15:00",77,13
"2017-08-27 14:20:00",83,17
"2017-08-27 14:25:00",89,20
"2017-08-27 14:30:00",78,22
"2017-08-27 14:35:00",80,16
"2017-08-27 14:40:00",75,23
"2017-08-27 14:45:00",79,20
"2017-08-27 14:50:00",82,20
"2017-08-27 14:55:00",92,26
"2017-08-27 15:00:00",78,22
"2017-08-27 15:05:00",87,20
"2017-08-27 15:10:00",85,26
"2017-08-27 15:15:00",76,18
"2017-08-27 15:20:00",82,31
"2017-08-27 15:25:00",87,21
"2017-08-27 15:30:00",72,16
"2017-08-27 15:35:00",72,22
"2017-08-27 15:40:00",69,24
"2017-08-27 15:45:00",89,18
"2017-08-27 15:50:00",89,27
"2017-08-27 15:55:00",78,13
"2017-08-27 16:00:00",76,27
"2017-08-27 16:05:00",80,22
"2017-08-27 16:10:00",74,14
"2017-08-27 16:15:00",79,16
"2017-08-27 16:20:00",91,15
"2017-08-27 16:25:00",76,18
"2017-08-27 16:30:00",79,19
"2017-08-27 16:35:00",83,20
"2017-08-27 16:40:00",74,21
"2017-08-27 16:45:00",84,31
"2017-08-27 16:50:00",84,25
"2017-08-27 16:55:00",80,21
"2017-08-27 17:00:00",78,19
"2017-08-27 17:05:00",75,28
"2017-08-27 17:10:00",76,18
"2017-08-27 17:15:00",88,23
"2017-08-27 17:20:00",72,21
"2017-08-27 17:25:00",84,16
"2017-08-27 17:30:00",77,13
"2017-08-27 17:35:00",81,22
"2017-08-27 17:40:00",86,11
"2017-08-27 17:45:00",78,16
"2017-08-27 17:50:00",72,17
"2017-08-27 17:55:00",80,18
"2017-08-27 18:00:00",86,15
"2017-08-27 18:05:00",77,9
"2017-08-27 18:10:00",85,18
"2017-08-27 18:15:00",84,13
"2017-08-27 18:20:00",92,16
"2017-08-27 18:25:00",84,16
"2017-08-27 18:30:00",86,14
"2017-08-27 18:35:00",85,13
"2017-08-27 18:40:00",92,13
"2017-08-27 18:45:00",82,14
"2017-08-27 18:50:00",69,11
"2017-08-27 18:55:00",79,11
"2017-08-27 19:00:00",76,13
"2017-08-27 19:05:00",77,10
"2017-08-27 19:10:00",77,17
"2017-08-27 19:15:00",79,15
"2017-08-27 19:20:00",85,14
"2017-08-27 19:25:00",91,10
"2017-08-27 19:30:00",75,16
"2017-08-27 19:35:00",82,14
"2017-08-27 19:40:00",87,6
"2017-08-27 19:45:00",87,12
"2017-08-27 19:50:00",70,13
"2017-08-27 19:55:00",80,12
"2017-08-27 20:00:00",73,9
"2017-08-27 20:05:00",83,10
"2017-08-27 20:10:00",78,7
"2017-08-27 20:15:00",70,13
"2017-08-27 20:20:00",75,12
"2017-08-27 20:25:00",85,6
"2017-08-27 20:30:00",76,8
"2017-08-27 20:35:00",83,10
"2017-08-27 20:40:00",79,13
"2017-08-27 20:45:00",79,13
"2017-08-27 20:50:00",87,16
"2017-08-27 20:55:00",85,8
"2017-08-27 21:00:00",81,10
"2017-08-27 21:05:00",87,14
"2017-08-27 21:10:00",83,13
"2017-08-27 21:15:00",72,11
"2017-08-27 21:20:00",78,13
"2017-08-27 21:25:00",74,10
"2017-08-27 21:30:00",81,12
"2017-08-27 21:35:00",74,8
"2017-08-27 21:40:00",81,9
"2017-08-27 21:45:00",83,12
"2017-08-27 21:50:00",75,13
"2017-08-27 21:55:00",81,14
"2017-08-27 22:00:00",75,19
"2017-08-27 22:05:00",85,11
"2017-08-27 22:10:00",75,8
"2017-08-27 22:15:00",80,7
"2017-08-27 22:20:00",71,13
"2017-08-27 22:25:00",74,9
"2017-08-27 22:30:00",81,9
"2017-08-27 22:35:00",74,12
"2017-08-27 22:40:00",72,11
"2017-08-27 22:45:00",74,9
"2017-08-27 22:50:00",71,6
"2017-08-27 22:55:00",79,9
"2017-08-28 07:00:00",75,9
"2017-08-28 07:05:00",70,7
"2017-08-28 07:10:00",80,12
"2017-08-28 07:15:00",85,8
"2017-08-28 07:20:00",81,15
"2017-08-28 07:25:00",79,8
"2017-08-28 07:30:00",74,19
"2017-08-28 07:35:00",81,11
"2017-08-28 07:40:00",70,14
"2017-08-28 07:45:00",80,14
"2017-08-28 07:50:00",80,12
"2017-08-28 07:55:00",75,14
"2017-08-28 08:00:00",76,18
"2017-08-28 08:05:00",80,11
"2017-08-28 08:10:00",77,12
"2017-08-28 08:15:00",77,11
"2017-08-28 08:20:00",82,10
"2017-08-28 08:25:00",82,9
"2017-08-28 08:30:00",74,10
"2017-08-28 08:35:00",83,7
"2017-08-28 08:40:00",76,11
"2017-08-28 08:45:00",81,10
"2017-08-28 08:50:00",80,13
"2017-08-28 08:55:00",81,12
"2017-08-28 09:00:00",74,15
"2017-08-28 09:05:00",78,16
"2017-08-28 09:10:00",76,16
"2017-08-28 09:15:00",81,15
"2017-08-28 09:20:00",79,14
"2017-08-28 09:25:00",75,18
"2017-08-28 09:30:00",76,11
"2017-08-28 09:35:00",79,16
"2017-08-28 09:40:00",81,14
"2017-08-28 09:45:00",81,15
"2017-08-28 09:50:00",80,21
"2017-08-28 09:55:00",83,18
"2017-08-28 10:00:00",83,12
"2017-08-28 10:05:00",83,19
"2017-08-28 10:10:00",82,14
"2017-08-28 10:15:00",76,19
"2017-08-28 10:20:00",80,14
"2017-08-28 10:25:00",85,14
"2017-08-28 10:30:00",78,14
"2017-08-28 10:35:00",76,14
"2017-08-28 10:40:00",78,11
"2017-08-28 10:45:00",86,15
"2017-08-28 10:50:00",75,20
"2017-08-28 10:55:00",79,14
"2017-08-28 11:00:00",73,11
"2017-08-28 11:05:00",77,15
"2017-08-28 11:10:00",73,13
"2017-08-28 11:15:00",71,19
"2017-08-28 11:20:00",71,13
"2017-08-28 11:25:00",75,13
"2017-08-28 11:30:00",71,18
"2017-08-28 11:35:00",73,15
"2017-08-28 11:40:00",81,20
"2017-08-28 11:45:00",81,12
"2017-08-28 11:50:00",78,18
"2017-08-28 11:55:00",76,16
"2017-08-28 12:00:00",80,20
"2017-08-28 12:05:00",70,17
"2017-08-28 12:10:00",79,17
"2017-08-28 12:15:00",72,10
"2017-08-28 12:20:00",79,13
"2017-08-28 12:25:00",72,19
"2017-08-28 12:30:00",71,17
"2017-08-28 12:35:00",70,16
"2017-08-28 12:40:00",74,17
"2017-08-28 12:45:00",71,13
"2017-08-28 12:50:00",68,14
"2017-08-28 12:55:00",85,16
"2017-08-28 13:00:00",75,16
"2017-08-28 13:05:00",70,16
"2017-08-28 13:10:00",72,14
"2017-08-28 13:15:00",81,17
"2017-08-28 13:20:00",82,14
"2017-08-28 13:25:00",84,17
"2017-08-28 13:30:00",76,18
"2017-08-28 13:35:00",74,15
"2017-08-28 13:40:00",78,17
"2017-08-28 13:45:00",74,18
"2017-08-28 13:50:00",78,13
"2017-08-28 13:55:00",77,19
"2017-08-28 14:00:00",79,20
"2017-08-28 14:05:00",83,12
"2017-08-28 14:10:00",81,10
"2017-08-28 14:15:00",76,12
"2017-08-28 14:20:00",74,15
"2017-08-28 14:25:00",77,17
"2017-08-28 14:30:00",70,12
"2017-08-28 14:35:00",77,11
"2017-08-28 14:40:00",76,18
"2017-08-28 14:45:00",77,16
"2017-08-28 14:50:00",84,19
"2017-08-28 14:55:00",78,16
"2017-08-28 15:00:00",68,12
"2017-08-28 15:05:00",76,16
"2017-08-28 15:10:00",73,13
"2017-08-28 15:15:00",81,15
"2017-08-28 15:20:00",81,16
"2017-08-28 15:25:00",79,18
"2017-08-28 15:30:00",71,13
"2017-08-28 15:35:00",77,13
"2017-08-28 15:40:00",75,17
"2017-08-28 15:45:00",74,13
"2017-08-28 15:50:00",80,15
"2017-08-28 15:55:00",83,14
"2017-08-28 16:00:00",83,14
"2017-08-28 16:05:00",84,11
"2017-08-28 16:10:00",78,14
"2017-08-28 16:15:00",82,23
"2017-08-28 16:20:00",81,13
"2017-08-28 16:25:00",81,10
"2017-08-28 16:30:00",76,12
"2017-08-28 16:35:00",79,8
"2017-08-28 16:40:00",77,20
"2017-08-28 16:45:00",75,24
"2017-08-28 16:50:00",72,16
"2017-08-28 16:55:00",82,12
"2017-08-28 17:00:00",74,14
"2017-08-28 17:05:00",78,19
"2017-08-28 17:10:00",74,16
"2017-08-28 17:15:00",83,18
"2017-08-28 17:20:00",78,18
"2017-08-28 17:25:00",74,13
"2017-08-28 17:30:00",81,12
"2017-08-28 17:35:00",78,20
"2017-08-28 17:40:00",58,10
"2017-08-28 17:45:00",71,13
"2017-08-28 17:50:00",87,15
"2017-08-28 17:55:00",75,14
"2017-08-28 18:00:00",82,17
"2017-08-28 18:05:00",83,8
"2017-08-28 18:10:00",76,12
"2017-08-28 18:15:00",74,13
"2017-08-28 18:20:00",71,11
"2017-08-28 18:25:00",72,9
"2017-08-28 18:30:00",69,9
"2017-08-28 18:35:00",71,10
"2017-08-28 18:40:00",72,11
"2017-08-28 18:45:00",75,17
"2017-08-28 18:50:00",81,8
"2017-08-28 18:55:00",34,8
"2017-08-28 19:00:00",51,19
"2017-08-28 19:05:00",77,14
"2017-08-28 19:10:00",70,12
"2017-08-28 19:15:00",70,11
"2017-08-28 19:20:00",66,9
"2017-08-28 19:25:00",72,10
"2017-08-28 19:30:00",74,13
"2017-08-28 19:35:00",70,12
"2017-08-28 19:40:00",63,13
"2017-08-28 19:45:00",66,15
"2017-08-28 19:50:00",77,8
"2017-08-28 19:55:00",79,11
"2017-08-28 20:00:00",74,9
"2017-08-28 20:05:00",71,3
"2017-08-28 20:10:00",72,8
"2017-08-28 20:15:00",66,12
"2017-08-28 20:20:00",75,17
"2017-08-28 20:25:00",69,8
"2017-08-28 20:30:00",80,14
"2017-08-28 20:35:00",69,9
"2017-08-28 20:40:00",69,9
"2017-08-28 20:45:00",73,12
"2017-08-28 20:50:00",69,10
"2017-08-28 20:55:00",70,10
"2017-08-28 21:00:00",76,12
"2017-08-28 21:05:00",83,14
"2017-08-28 21:10:00",74,9
"2017-08-28 21:15:00",71,13
"2017-08-28 21:20:00",80,9
"2017-08-28 21:25:00",77,7
"2017-08-28 21:30:00",74,6
"2017-08-28 21:35:00",79,8
"2017-08-28 21:40:00",72,2
"2017-08-28 21:45:00",75,8
"2017-08-28 21:50:00",81,9
"2017-08-28 21:55:00",70,9
"2017-08-28 22:00:00",74,9
"2017-08-28 22:05:00",78,8
"2017-08-28 22:10:00",65,7
"2017-08-28 22:15:00",59,5
"2017-08-28 22:20:00",74,9
"2017-08-28 22:25:00",76,8
"2017-08-28 22:30:00",73,9
"2017-08-28 22:35:00",71,13
"2017-08-28 22:40:00",69,8
"2017-08-28 22:45:00",71,6
"2017-08-28 22:50:00",68,10
"2017-08-29 07:00:00",75,9
"2017-08-29 07:05:00",67,7
"2017-08-29 07:10:00",66,5
"2017-08-29 07:15:00",77,8
"2017-08-29 07:20:00",73,15
"2017-08-29 07:25:00",78,11
"2017-08-29 07:30:00",71,15
"2017-08-29 07:35:00",84,7
"2017-08-29 07:40:00",81,9
"2017-08-29 07:45:00",83,11
"2017-08-29 07:50:00",67,7
"2017-08-29 07:55:00",81,8
"2017-08-29 08:00:00",80,11
"2017-08-29 08:05:00",74,7
"2017-08-29 08:10:00",77,13
"2017-08-29 08:15:00",78,12
"2017-08-29 08:20:00",78,15
"2017-08-29 08:25:00",77,12
"2017-08-29 08:30:00",77,11
"2017-08-29 08:35:00",77,7
"2017-08-29 08:40:00",73,12
"2017-08-29 08:45:00",81,12
"2017-08-29 08:50:00",75,12
"2017-08-29 08:55:00",83,9
"2017-08-29 09:00:00",84,18
"2017-08-29 09:05:00",82,14
"2017-08-29 09:10:00",87,13
"2017-08-29 09:15:00",79,11
"2017-08-29 09:20:00",81,12
"2017-08-29 09:25:00",80,16
"2017-08-29 09:30:00",82,13
"2017-08-29 09:35:00",84,17
"2017-08-29 09:40:00",79,11
"2017-08-29 09:45:00",82,11
"2017-08-29 09:50:00",74,13
"2017-08-29 09:55:00",75,15
"2017-08-29 10:00:00",78,12
"2017-08-29 10:05:00",78,11
"2017-08-29 10:10:00",80,16
"2017-08-29 10:15:00",85,17
"2017-08-29 10:20:00",73,13
"2017-08-29 10:25:00",72,23
"2017-08-29 10:30:00",81,14
"2017-08-29 10:35:00",78,14
"2017-08-29 10:40:00",75,10
"2017-08-29 10:45:00",83,12
"2017-08-29 10:50:00",82,16
"2017-08-29 10:55:00",81,11
"2017-08-29 11:00:00",82,11
"2017-08-29 11:05:00",81,15
"2017-08-29 11:10:00",82,15
"2017-08-29 11:15:00",83,9
"2017-08-29 11:20:00",80,11
"2017-08-29 11:25:00",77,15
"2017-08-29 11:30:00",86,12
"2017-08-29 11:35:00",84,10
"2017-08-29 11:40:00",74,10
"2017-08-29 11:45:00",87,17
"2017-08-29 11:50:00",81,10
"2017-08-29 11:55:00",77,14
"2017-08-29 12:00:00",80,13
"2017-08-29 12:05:00",71,11
"2017-08-29 12:10:00",71,9
"2017-08-29 12:15:00",74,12
"2017-08-29 12:20:00",77,7
"2017-08-29 12:25:00",77,14
"2017-08-29 12:30:00",69,12
"2017-08-29 12:35:00",81,10
"2017-08-29 12:40:00",82,13
"2017-08-29 12:45:00",78,7
"2017-08-29 12:50:00",87,11
"2017-08-29 12:55:00",82,11
"2017-08-29 13:00:00",80,14
"2017-08-29 13:05:00",78,11
"2017-08-29 13:10:00",82,18
"2017-08-29 13:15:00",74,14
"2017-08-29 13:20:00",90,11
"2017-08-29 13:25:00",73,13
"2017-08-29 13:30:00",75,16
"2017-08-29 13:35:00",89,15
"2017-08-29 13:40:00",87,19
"2017-08-29 13:45:00",83,18
"2017-08-29 13:50:00",82,13
"2017-08-29 13:55:00",80,18
"2017-08-29 14:00:00",87,17
"2017-08-29 14:05:00",85,15
"2017-08-29 14:10:00",87,17
"2017-08-29 14:15:00",82,18
"2017-08-29 14:20:00",89,19
"2017-08-29 14:25:00",86,19
"2017-08-29 14:30:00",84,14
"2017-08-29 14:35:00",92,16
"2017-08-29 14:40:00",83,20
"2017-08-29 14:45:00",78,14
"2017-08-29 14:50:00",79,16
"2017-08-29 14:55:00",83,13
"2017-08-29 15:00:00",76,16
"2017-08-29 15:05:00",84,12
"2017-08-29 15:10:00",88,20
"2017-08-29 15:15:00",80,23
"2017-08-29 15:20:00",82,21
"2017-08-29 15:25:00",85,15
"2017-08-29 15:30:00",82,28
"2017-08-29 15:35:00",80,17
"2017-08-29 15:40:00",85,25
"2017-08-29 15:45:00",75,14
"2017-08-29 15:50:00",77,19
"2017-08-29 15:55:00",77,19
"2017-08-29 16:00:00",82,21
"2017-08-29 16:05:00",79,20
"2017-08-29 16:10:00",74,15
"2017-08-29 16:15:00",84,27
"2017-08-29 16:20:00",80,16
"2017-08-29 16:25:00",82,14
"2017-08-29 16:30:00",83,18
"2017-08-29 16:35:00",86,17
"2017-08-29 16:40:00",84,15
"2017-08-29 16:45:00",84,17
"2017-08-29 16:50:00",84,25
"2017-08-29 16:55:00",77,14
"2017-08-29 17:00:00",90,24
"2017-08-29 17:05:00",79,18
"2017-08-29 17:10:00",83,17
"2017-08-29 17:15:00",89,21
"2017-08-29 17:20:00",84,19
"2017-08-29 17:25:00",82,23
"2017-08-29 17:30:00",79,17
"2017-08-29 17:35:00",89,12
"2017-08-29 17:40:00",82,14
"2017-08-29 17:45:00",80,21
"2017-08-29 17:50:00",94,7
"2017-08-29 17:55:00",77,16
"2017-08-29 18:00:00",80,11
"2017-08-29 18:05:00",75,11
"2017-08-29 18:10:00",75,17
"2017-08-29 18:15:00",85,9
"2017-08-29 18:20:00",82,10
"2017-08-29 18:25:00",83,10
"2017-08-29 18:30:00",80,11
"2017-08-29 18:35:00",80,12
"2017-08-29 18:40:00",68,9
"2017-08-29 18:45:00",79,10
"2017-08-30 07:00:00",80,11
"2017-08-30 07:05:00",79,10
"2017-08-30 07:10:00",71,11
"2017-08-30 07:15:00",84,8
"2017-08-30 07:20:00",77,12
"2017-08-30 07:25:00",76,7
"2017-08-30 07:30:00",77,8
"2017-08-30 07:35:00",78,9
"2017-08-30 07:40:00",73,8
"2017-08-30 07:45:00",78,8
"2017-08-30 07:50:00",76,7
"2017-08-30 07:55:00",90,12
"2017-08-30 08:00:00",72,5
"2017-08-30 08:05:00",80,8
"2017-08-30 08:10:00",71,10
"2017-08-30 08:15:00",89,8
"2017-08-30 08:20:00",78,13
"2017-08-30 08:25:00",79,11
"2017-08-30 08:30:00",76,6
"2017-08-30 08:35:00",84,10
"2017-08-30 08:40:00",84,12
"2017-08-30 08:45:00",74,11
"2017-08-30 08:50:00",88,12
"2017-08-30 08:55:00",76,8
"2017-08-30 09:00:00",77,9
"2017-08-30 09:05:00",80,9
"2017-08-30 09:10:00",75,11
"2017-08-30 09:15:00",77,13
"2017-08-30 09:20:00",84,14
"2017-08-30 09:25:00",79,12
"2017-08-30 09:30:00",87,11
"2017-08-30 09:35:00",85,14
"2017-08-30 09:40:00",83,19
"2017-08-30 09:45:00",82,16
"2017-08-30 09:50:00",78,13
"2017-08-30 09:55:00",76,11
"2017-08-30 10:00:00",83,16
"2017-08-30 10:05:00",85,13
"2017-08-30 10:10:00",79,21
"2017-08-30 10:15:00",85,10
"2017-08-30 10:20:00",80,12
"2017-08-30 10:25:00",84,13
"2017-08-30 10:30:00",81,17
"2017-08-30 10:35:00",81,15
"2017-08-30 10:40:00",88,18
"2017-08-30 10:45:00",84,20
"2017-08-30 10:50:00",70,8
"2017-08-30 10:55:00",77,10
"2017-08-30 11:00:00",86,15
"2017-08-30 11:05:00",71,15
"2017-08-30 11:10:00",76,16
"2017-08-30 11:15:00",82,11
"2017-08-30 11:20:00",82,14
"2017-08-30 11:25:00",73,15
"2017-08-30 11:30:00",82,14
"2017-08-30 11:35:00",78,14
"2017-08-30 11:40:00",77,16
"2017-08-30 11:45:00",79,14
"2017-08-30 11:50:00",83,14
"2017-08-30 11:55:00",71,9
"2017-08-30 12:00:00",84,13
"2017-08-30 12:05:00",71,15
"2017-08-30 12:10:00",77,12
"2017-08-30 12:15:00",82,16
"2017-08-30 12:20:00",84,12
"2017-08-30 12:25:00",88,9
"2017-08-30 12:30:00",78,14
"2017-08-30 12:35:00",79,15
"2017-08-30 12:40:00",83,11
"2017-08-30 12:45:00",80,10
"2017-08-30 12:50:00",81,17
"2017-08-30 12:55:00",77,14
"2017-08-30 13:00:00",78,11
"2017-08-30 13:05:00",79,18
"2017-08-30 13:10:00",87,14
"2017-08-30 13:15:00",84,23
"2017-08-30 13:20:00",81,20
"2017-08-30 13:25:00",83,18
"2017-08-30 13:30:00",78,20
"2017-08-30 13:35:00",90,22
"2017-08-30 13:40:00",90,17
"2017-08-30 13:45:00",88,10
"2017-08-30 13:50:00",86,16
"2017-08-30 13:55:00",80,15
"2017-08-30 14:00:00",87,18
"2017-08-30 14:05:00",88,21
"2017-08-30 14:10:00",84,20
"2017-08-30 14:15:00",83,12
"2017-08-30 14:20:00",82,16
"2017-08-30 14:25:00",81,16
"2017-08-30 14:30:00",85,15
"2017-08-30 14:35:00",89,19
"2017-08-30 14:40:00",83,14
"2017-08-30 14:45:00",82,21
"2017-08-30 14:50:00",86,23
"2017-08-30 14:55:00",85,21
"2017-08-30 15:00:00",81,21
"2017-08-30 15:05:00",78,17
"2017-08-30 15:10:00",92,16
"2017-08-30 15:15:00",79,19
"2017-08-30 15:20:00",85,18
"2017-08-30 15:25:00",89,19
"2017-08-30 15:30:00",84,17
"2017-08-30 15:35:00",82,25
"2017-08-30 15:40:00",86,23
"2017-08-30 15:45:00",91,19
"2017-08-30 15:50:00",89,21
"2017-08-30 15:55:00",79,22
"2017-08-30 16:00:00",84,22
"2017-08-30 16:05:00",75,15
"2017-08-30 16:10:00",91,25
"2017-08-30 16:15:00",83,12
"2017-08-30 16:20:00",88,17
"2017-08-30 16:25:00",87,20
"2017-08-30 16:30:00",76,20
"2017-08-30 16:35:00",82,21
"2017-08-30 16:40:00",82,18
"2017-08-30 16:45:00",81,21
"2017-08-30 16:50:00",88,23
