"2017-06-04 14:10:00",93,25
"2017-06-04 14:15:00",93,31
"2017-06-04 14:20:00",90,24
"2017-06-04 14:25:00",94,25
"2017-06-04 14:30:00",91,25
"2017-06-04 14:35:00",91,23
"2017-06-04 14:40:00",92,23
"2017-06-04 14:45:00",92,29
"2017-06-04 14:50:00",92,22
"2017-06-04 14:55:00",93,30
"2017-06-04 15:00:00",95,26
"2017-06-06 14:10:00",83,34
"2017-06-06 14:15:00",93,21
"2017-06-06 14:20:00",91,24
"2017-06-06 14:25:00",90,29
"2017-06-06 14:30:00",88,33
"2017-06-06 14:35:00",87,27
"2017-06-06 14:40:00",84,18
"2017-06-06 14:45:00",85,25
"2017-06-06 14:50:00",86,21
"2017-06-06 14:55:00",89,31
"2017-06-06 15:00:00",93,27
"2017-06-06 15:05:00",92,34
"2017-06-06 15:10:00",87,25
"2017-06-06 15:15:00",88,32
"2017-06-06 15:20:00",89,26
"2017-06-06 15:25:00",91,20
"2017-06-06 15:30:00",82,25
"2017-06-06 15:35:00",87,26
"2017-06-06 15:40:00",90,35
"2017-06-06 15:45:00",88,31
"2017-06-06 15:50:00",91,25
"2017-06-06 15:55:00",90,26
"2017-06-06 16:00:00",94,24
"2017-06-06 16:05:00",86,24
"2017-06-06 16:10:00",88,18
"2017-06-06 16:15:00",87,29
"2017-06-06 16:20:00",87,25
"2017-06-06 16:25:00",88,30
"2017-06-06 16:30:00",86,26
"2017-06-06 16:35:00",87,30
"2017-06-06 16:40:00",89,26
"2017-06-06 16:45:00",96,24
"2017-06-06 16:50:00",88,34
"2017-06-06 16:55:00",89,22
"2017-06-06 17:00:00",90,37
"2017-06-06 17:05:00",87,23
"2017-06-06 17:10:00",89,26
"2017-06-06 17:15:00",87,28
"2017-06-06 17:20:00",89,27
"2017-06-06 17:25:00",91,22
"2017-06-06 17:30:00",85,32
"2017-06-06 17:35:00",82,23
"2017-06-06 17:40:00",84,23
"2017-06-06 17:45:00",88,18
"2017-06-06 17:50:00",87,28
"2017-06-06 17:55:00",92,24
"2017-06-06 18:00:00",93,22
"2017-06-06 18:05:00",93,19
"2017-06-06 18:10:00",86,15
"2017-06-06 18:15:00",89,30
"2017-06-06 18:20:00",90,21
"2017-06-06 18:25:00",90,24
"2017-06-06 18:30:00",89,17
"2017-06-06 18:35:00",87,19
"2017-06-06 18:40:00",85,21
"2017-06-06 18:45:00",87,20
"2017-06-06 18:50:00",80,23
"2017-06-07 14:10:00",90,28
"2017-06-07 14:15:00",90,28
"2017-06-07 14:20:00",92,28
"2017-06-07 14:25:00",91,24
"2017-06-07 14:30:00",87,34
"2017-06-07 14:35:00",91,27
"2017-06-07 14:40:00",92,32
"2017-06-07 14:45:00",92,26
"2017-06-07 14:50:00",88,27
"2017-06-07 14:55:00",97,36
"2017-06-07 15:00:00",90,31
"2017-06-07 15:05:00",89,24
"2017-06-07 15:15:00",91,27
"2017-06-07 15:20:00",93,24
"2017-06-07 15:25:00",84,34
"2017-06-07 15:30:00",92,33
"2017-06-07 15:35:00",87,26
"2017-06-07 15:40:00",87,24
"2017-06-07 15:45:00",87,26
"2017-06-07 15:55:00",90,24
"2017-06-07 16:15:00",85,32
"2017-06-07 16:20:00",90,27
"2017-06-07 16:40:00",92,27
"2017-06-07 17:00:00",90,23
"2017-06-07 17:05:00",91,27
"2017-06-07 17:10:00",94,27
"2017-06-07 17:15:00",91,24
"2017-06-07 17:25:00",90,21
"2017-06-07 17:30:00",92,28
"2017-06-09 14:10:00",92,47
"2017-06-09 14:15:00",89,40
"2017-06-09 14:20:00",96,36
"2017-06-09 14:25:00",95,35
"2017-06-09 14:30:00",88,37
"2017-06-09 14:35:00",92,33
"2017-06-09 14:40:00",93,27
"2017-06-09 14:45:00",96,36
"2017-06-09 14:50:00",95,28
"2017-06-09 14:55:00",91,28
"2017-06-09 15:00:00",90,29
"2017-06-09 15:05:00",89,31
"2017-06-10 14:10:00",68,29
"2017-06-10 14:15:00",77,38
"2017-06-10 14:20:00",80,26
"2017-06-10 14:25:00",85,31
"2017-06-10 14:30:00",78,34
"2017-06-10 14:35:00",80,28
"2017-06-10 14:40:00",82,34
"2017-06-10 14:45:00",73,26
"2017-06-10 14:50:00",86,43
"2017-06-10 14:55:00",85,34
"2017-06-10 15:00:00",88,31
"2017-06-10 15:05:00",97,30
"2017-06-10 15:10:00",91,24
"2017-06-10 15:15:00",87,40
"2017-06-10 15:20:00",89,36
"2017-06-10 15:25:00",86,29
"2017-06-10 15:30:00",90,35
"2017-06-10 15:35:00",92,28
"2017-06-10 15:40:00",92,32
"2017-06-10 15:45:00",92,24
"2017-06-10 15:50:00",92,20
"2017-06-10 15:55:00",94,31
"2017-06-10 16:00:00",84,27
"2017-06-10 16:05:00",89,28
"2017-06-10 16:10:00",93,23
"2017-06-10 16:15:00",85,24
"2017-06-10 16:20:00",82,23
"2017-06-10 16:25:00",70,26
"2017-06-10 16:30:00",29,26
"2017-06-10 16:35:00",67,28
"2017-06-10 16:40:00",87,21
"2017-06-10 16:45:00",76,22
"2017-06-10 16:50:00",70,16
"2017-06-10 16:55:00",79,16
"2017-06-10 17:00:00",79,22
"2017-06-10 17:05:00",75,23
"2017-06-10 17:10:00",48,23
"2017-06-10 17:15:00",37,19
"2017-06-10 17:20:00",26,17
"2017-06-10 17:25:00",50,33
"2017-06-10 17:30:00",61,24
"2017-06-10 17:35:00",43,21
"2017-06-10 17:55:00",49,27
"2017-06-11 14:10:00",93,30
"2017-06-11 14:15:00",95,29
"2017-06-21 14:10:00",92,26
"2017-06-21 14:15:00",90,34
"2017-06-21 14:20:00",94,24
"2017-06-21 14:25:00",96,30
"2017-06-21 14:30:00",99,29
"2017-06-21 14:35:00",93,31
"2017-06-21 14:40:00",89,35
"2017-06-21 14:45:00",94,46
"2017-06-21 14:50:00",93,42
"2017-06-21 14:55:00",93,34
"2017-06-21 15:00:00",92,30
"2017-06-21 15:05:00",95,31
"2017-06-21 15:10:00",94,38
"2017-06-21 15:15:00",91,34
"2017-06-21 15:20:00",82,28
"2017-06-21 15:25:00",84,35
"2017-06-21 15:30:00",89,30
"2017-06-21 15:35:00",92,37
"2017-06-21 15:40:00",89,29
"2017-06-21 15:45:00",88,34
"2017-06-22 14:10:00",86,33
"2017-06-22 14:15:00",89,33
"2017-06-22 14:20:00",87,31
"2017-06-22 14:25:00",90,37
"2017-06-22 14:30:00",93,32
"2017-06-22 14:35:00",92,34
"2017-06-22 14:40:00",87,34
"2017-06-22 14:45:00",89,34
"2017-06-22 14:50:00",82,29
"2017-06-22 14:55:00",84,26
"2017-06-22 15:00:00",87,28
"2017-06-22 15:05:00",87,38
"2017-06-22 15:10:00",82,35
"2017-06-22 15:15:00",85,36
"2017-06-22 15:20:00",88,35
"2017-06-22 15:25:00",84,23
"2017-06-22 15:30:00",88,34
"2017-06-22 15:35:00",93,35
"2017-06-22 15:40:00",90,23
"2017-06-22 15:45:00",88,33
"2017-06-22 15:50:00",92,31
"2017-06-22 15:55:00",92,29
"2017-06-22 16:00:00",87,27
"2017-06-22 16:05:00",86,34
"2017-06-22 16:10:00",91,22
"2017-06-22 16:15:00",83,27
"2017-06-22 16:20:00",93,25
"2017-06-22 16:25:00",90,24
"2017-06-22 16:30:00",88,28
"2017-06-22 16:35:00",85,30
"2017-06-22 16:40:00",89,37
"2017-06-22 16:45:00",85,22
"2017-06-22 16:50:00",89,28
"2017-06-22 16:55:00",87,36
"2017-06-22 17:00:00",91,34
"2017-06-22 17:05:00",87,29
"2017-06-22 17:10:00",87,30
"2017-06-22 17:15:00",89,33
"2017-06-22 17:20:00",87,30
"2017-06-22 17:25:00",88,20
"2017-06-22 17:30:00",92,25
"2017-06-22 17:35:00",83,18
"2017-06-24 14:10:00",99,32
"2017-06-24 14:15:00",96,24
"2017-06-24 14:20:00",91,37
"2017-06-24 14:25:00",92,32
"2017-06-24 14:30:00",97,34
"2017-06-24 14:35:00",93,34
"2017-06-24 14:40:00",94,32
"2017-06-24 14:45:00",94,37
"2017-06-24 14:50:00",91,35
"2017-06-24 14:55:00",92,36
"2017-06-24 15:00:00",95,33
"2017-06-24 15:05:00",94,30
"2017-06-24 15:10:00",95,29
"2017-06-24 15:15:00",94,36
"2017-06-24 15:20:00",101,36
"2017-06-24 15:25:00",97,35
"2017-06-24 15:30:00",100,34
"2017-06-24 15:35:00",91,28
"2017-06-24 15:40:00",95,28
"2017-06-24 15:45:00",95,29
"2017-06-24 15:50:00",90,35
"2017-06-24 15:55:00",88,47
"2017-06-24 16:00:00",94,43
"2017-06-24 16:05:00",91,36
"2017-06-27 14:10:00",89,31
"2017-06-27 14:15:00",85,25
"2017-06-27 14:20:00",89,29
"2017-06-27 14:25:00",84,28
"2017-06-27 14:30:00",86,29
"2017-06-27 14:35:00",91,34
"2017-06-27 14:40:00",88,43
"2017-06-27 14:45:00",88,41
"2017-06-27 14:50:00",91,36
"2017-06-27 14:55:00",89,34
"2017-06-27 15:00:00",92,38
"2017-06-27 15:05:00",93,32
"2017-06-27 15:10:00",92,39
"2017-06-27 15:15:00",88,25
"2017-06-27 15:20:00",89,31
"2017-06-27 15:25:00",88,31
"2017-06-27 15:30:00",91,36
"2017-06-27 15:35:00",86,32
"2017-06-27 15:40:00",93,38
"2017-06-27 15:45:00",86,37
"2017-06-27 15:50:00",93,41
"2017-06-27 15:55:00",88,37
"2017-06-27 16:00:00",88,34
"2017-06-27 16:05:00",92,29
"2017-06-27 16:10:00",90,40
"2017-06-27 16:15:00",87,34
"2017-06-27 16:20:00",87,30
"2017-06-27 16:25:00",89,42
"2017-06-27 16:30:00",89,27
"2017-06-27 16:35:00",87,24
"2017-06-27 16:40:00",93,31
"2017-06-27 16:45:00",89,30
"2017-06-27 16:50:00",86,35
"2017-06-27 16:55:00",90,27
"2017-06-27 17:00:00",91,23
"2017-06-28 14:10:00",93,44
"2017-06-28 14:15:00",94,43
"2017-06-28 14:20:00",92,33
"2017-06-28 14:25:00",94,32
"2017-06-28 14:30:00",95,40
"2017-06-28 14:35:00",93,34
"2017-06-28 14:40:00",91,39
"2017-06-28 14:45:00",90,27
"2017-06-28 14:50:00",91,30
"2017-06-29 14:10:00",96,27
"2017-06-29 14:15:00",98,34
"2017-06-29 14:20:00",86,30
"2017-06-29 14:25:00",96,26
"2017-06-29 14:35:00",96,32
"2017-06-29 14:40:00",97,33
"2017-06-29 14:45:00",87,41
"2017-06-29 14:50:00",87,44
"2017-06-29 14:55:00",91,47
"2017-06-30 14:10:00",90,66
"2017-06-30 14:15:00",89,46
"2017-06-30 14:20:00",89,44
"2017-06-30 14:25:00",96,53
"2017-06-30 14:30:00",88,34
"2017-06-30 14:35:00",91,50
"2017-06-30 14:40:00",89,54
"2017-06-30 14:45:00",89,52
"2017-06-30 14:50:00",90,33
"2017-06-30 14:55:00",92,41
"2017-06-30 15:00:00",93,34
"2017-06-30 15:05:00",95,44
"2017-06-30 15:10:00",89,47
"2017-06-30 15:15:00",85,51
"2017-06-30 15:20:00",79,33
"2017-06-30 15:25:00",80,30
"2017-06-30 15:30:00",69,45
"2017-06-30 15:35:00",86,31
"2017-06-30 15:40:00",81,44
"2017-06-30 15:45:00",89,32
"2017-06-30 15:50:00",88,36
"2017-06-30 15:55:00",89,51
"2017-06-30 16:00:00",94,45
"2017-06-30 16:05:00",91,41
"2017-06-30 16:10:00",89,51
"2017-06-30 16:15:00",95,39
"2017-06-30 16:20:00",93,49
"2017-06-30 16:25:00",91,56
"2017-06-30 16:30:00",87,48
"2017-06-30 16:35:00",93,47
"2017-06-30 16:40:00",86,38
"2017-06-30 16:45:00",89,52
"2017-06-30 16:50:00",80,53
"2017-06-30 16:55:00",94,39
"2017-06-30 17:00:00",91,43
"2017-06-30 17:05:00",88,41
"2017-06-30 17:10:00",93,41
"2017-06-30 17:15:00",92,33
"2017-06-30 17:20:00",90,48
"2017-06-30 17:25:00",90,45
"2017-06-30 17:30:00",90,50
"2017-06-30 17:35:00",93,55
"2017-06-30 17:40:00",91,41
"2017-06-30 17:45:00",92,49
"2017-07-01 14:10:00",85,43
"2017-07-01 14:15:00",83,36
"2017-07-01 14:20:00",84,48
"2017-07-01 14:25:00",87,40
"2017-07-01 14:30:00",87,42
"2017-07-02 14:10:00",91,50
"2017-07-02 14:15:00",87,28
"2017-07-02 14:20:00",94,43
"2017-07-02 14:25:00",96,44
"2017-07-02 14:30:00",92,39
"2017-07-02 14:35:00",87,27
"2017-07-02 14:40:00",87,40
"2017-07-02 14:45:00",89,33
"2017-07-02 14:50:00",93,48
"2017-07-02 14:55:00",89,34
"2017-07-02 15:00:00",92,44
"2017-07-02 15:05:00",93,53
"2017-07-02 15:10:00",88,37
"2017-07-02 15:15:00",94,38
"2017-07-02 15:20:00",92,43
"2017-07-02 15:25:00",89,42
"2017-07-02 15:30:00",88,53
"2017-07-02 15:35:00",89,43
"2017-07-02 15:40:00",89,39
"2017-07-02 15:45:00",94,47
"2017-07-02 15:50:00",91,53
"2017-07-02 15:55:00",92,60
"2017-07-02 16:00:00",95,53
"2017-07-02 16:05:00",94,38
"2017-07-02 16:10:00",93,34
"2017-07-02 16:15:00",93,42
"2017-07-02 16:20:00",97,55
"2017-07-02 16:25:00",92,46
"2017-07-02 16:30:00",94,33
"2017-07-02 16:35:00",92,41
"2017-07-02 16:40:00",98,56
"2017-07-02 16:45:00",91,35
"2017-07-02 16:50:00",99,36
"2017-07-02 16:55:00",94,48
"2017-07-02 17:00:00",93,43
"2017-07-02 17:05:00",91,35
"2017-07-02 17:10:00",93,35
"2017-07-02 17:15:00",93,32
"2017-07-02 17:20:00",93,30
"2017-07-02 17:25:00",89,33
"2017-07-02 17:30:00",95,33
"2017-07-02 17:35:00",91,34
"2017-07-02 17:40:00",97,30
"2017-07-02 17:45:00",88,27
"2017-07-02 17:50:00",90,27
"2017-07-02 17:55:00",87,25
"2017-07-02 18:00:00",90,30
"2017-07-02 18:05:00",94,27
"2017-07-02 18:10:00",92,33
"2017-07-02 18:15:00",94,36
"2017-07-02 18:20:00",91,27
"2017-07-02 18:25:00",93,26
"2017-07-02 18:30:00",90,27
"2017-07-02 18:35:00",92,33
"2017-07-02 18:40:00",91,37
"2017-07-02 18:45:00",86,23
"2017-07-02 18:50:00",95,30
"2017-07-02 18:55:00",84,31
"2017-07-02 19:00:00",90,24
"2017-07-02 19:05:00",91,21
"2017-07-02 19:10:00",93,22
"2017-07-02 19:15:00",87,27
"2017-07-02 19:20:00",90,25
"2017-07-02 19:25:00",95,23
"2017-07-02 19:30:00",89,25
"2017-07-02 19:35:00",92,20
"2017-07-02 19:40:00",88,19
"2017-07-02 19:45:00",95,14
"2017-07-02 19:50:00",89,24
"2017-07-02 19:55:00",85,17
"2017-07-02 20:00:00",92,20
"2017-07-02 20:05:00",91,15
"2017-07-02 20:10:00",94,15
"2017-07-02 20:15:00",92,17
"2017-07-02 20:20:00",89,18
"2017-07-02 20:25:00",89,17
"2017-07-02 20:30:00",95,16
"2017-07-02 20:35:00",93,17
"2017-07-02 20:40:00",87,19
"2017-07-02 20:45:00",92,18
"2017-07-02 20:50:00",86,13
"2017-07-06 14:10:00",97,27
"2017-07-06 14:15:00",94,28
"2017-07-06 14:20:00",87,32
"2017-07-06 14:25:00",89,25
"2017-07-07 14:10:00",92,31
"2017-07-07 14:15:00",89,35
"2017-07-07 14:20:00",91,46
"2017-07-07 14:25:00",92,33
"2017-07-07 14:30:00",93,21
"2017-07-07 14:35:00",93,43
"2017-07-07 14:40:00",91,38
"2017-07-07 14:45:00",90,32
"2017-07-07 14:50:00",92,32
"2017-07-07 14:55:00",94,33
"2017-07-07 15:00:00",96,40
"2017-07-07 15:05:00",94,35
"2017-07-07 15:10:00",94,31
"2017-07-07 15:15:00",91,29
"2017-07-07 15:20:00",88,35
"2017-07-07 15:25:00",89,41
"2017-07-07 15:30:00",90,33
"2017-07-07 15:35:00",94,48
"2017-07-07 15:40:00",97,29
"2017-07-07 15:45:00",92,41
"2017-07-07 15:50:00",90,41
"2017-07-07 15:55:00",86,44
"2017-07-07 16:00:00",85,45
"2017-07-07 16:05:00",86,50
"2017-07-08 14:10:00",90,35
"2017-07-08 14:15:00",93,31
"2017-07-08 14:20:00",83,20
"2017-07-08 14:25:00",96,32
"2017-07-08 14:30:00",93,31
"2017-07-08 14:35:00",93,45
"2017-07-08 14:40:00",97,36
"2017-07-08 14:45:00",90,30
"2017-07-08 14:50:00",96,38
"2017-07-08 14:55:00",94,40
"2017-07-08 15:00:00",89,30
"2017-07-08 15:05:00",91,27
"2017-07-08 15:10:00",94,31
"2017-07-08 15:15:00",87,25
"2017-07-08 15:20:00",90,30
"2017-07-08 15:25:00",89,32
"2017-07-08 15:30:00",92,36
"2017-07-08 15:35:00",92,36
"2017-07-08 15:40:00",86,26
"2017-07-08 15:45:00",94,27
"2017-07-08 15:50:00",92,28
"2017-07-08 15:55:00",94,33
"2017-07-08 16:00:00",97,36
"2017-07-08 16:05:00",90,37
"2017-07-08 16:10:00",93,36
"2017-07-08 16:15:00",97,33
"2017-07-08 16:20:00",94,32
"2017-07-08 16:25:00",85,38
"2017-07-08 16:30:00",93,32
"2017-07-08 16:35:00",89,45
"2017-07-08 16:40:00",96,47
"2017-07-08 16:45:00",90,28
"2017-07-08 16:50:00",93,28
"2017-07-08 16:55:00",91,29
"2017-07-08 17:00:00",92,33
"2017-07-08 17:05:00",93,39
"2017-07-08 17:10:00",91,29
"2017-07-08 17:15:00",92,25
"2017-07-08 17:20:00",85,23
"2017-07-08 17:25:00",89,30
"2017-07-12 14:10:00",94,27
"2017-07-12 14:15:00",87,34
"2017-07-12 14:20:00",91,28
"2017-07-12 14:25:00",91,34
"2017-07-12 14:30:00",90,31
"2017-07-12 14:35:00",88,37
"2017-07-12 14:40:00",90,30
"2017-07-12 14:45:00",90,36
"2017-07-12 14:50:00",90,32
"2017-07-12 14:55:00",89,25
"2017-07-12 15:00:00",89,35
"2017-07-12 15:05:00",92,27
"2017-07-12 15:10:00",87,30
"2017-07-12 15:15:00",94,42
"2017-07-12 15:20:00",88,28
"2017-07-12 15:25:00",82,31
"2017-07-12 15:30:00",90,35
"2017-07-12 15:35:00",90,25
"2017-07-12 15:40:00",89,32
"2017-07-12 15:45:00",88,22
"2017-07-12 15:50:00",91,33
"2017-07-12 15:55:00",84,22
"2017-07-12 16:00:00",93,27
"2017-07-12 16:05:00",94,32
"2017-07-12 16:10:00",88,31
"2017-07-12 16:15:00",91,33
"2017-07-12 16:20:00",87,25
"2017-07-12 16:25:00",85,27
"2017-07-12 16:30:00",89,31
"2017-07-12 16:35:00",86,28
"2017-07-12 16:40:00",90,26
"2017-07-13 14:10:00",87,31
"2017-07-13 14:15:00",89,30
"2017-07-13 14:20:00",87,33
"2017-07-13 14:25:00",86,25
"2017-07-13 14:30:00",87,32
"2017-07-13 14:35:00",90,35
"2017-07-13 14:40:00",86,21
"2017-07-13 14:45:00",85,17
"2017-07-13 14:50:00",93,33
"2017-07-13 14:55:00",92,34
"2017-07-13 15:00:00",92,36
"2017-07-13 15:05:00",84,36
"2017-07-13 15:10:00",85,33
"2017-07-13 15:15:00",81,30
"2017-07-13 15:20:00",85,36
"2017-07-13 15:25:00",90,33
"2017-07-13 15:30:00",92,21
"2017-07-13 15:35:00",93,28
"2017-07-13 15:40:00",92,27
"2017-07-13 15:45:00",87,23
"2017-07-13 15:50:00",93,21
"2017-07-13 15:55:00",90,31
"2017-07-13 16:00:00",87,31
"2017-07-13 16:05:00",90,22
"2017-07-13 16:10:00",88,27
"2017-07-13 16:15:00",88,37
"2017-07-13 16:20:00",89,31
"2017-07-13 16:25:00",92,25
"2017-07-13 16:30:00",88,36
"2017-07-13 16:35:00",89,28
"2017-07-13 16:40:00",88,31
"2017-07-14 14:10:00",96,35
"2017-07-14 14:15:00",96,37
"2017-07-14 14:20:00",93,40
"2017-07-14 14:25:00",89,44
"2017-07-14 14:30:00",89,42
"2017-07-14 14:35:00",94,42
"2017-07-14 14:40:00",89,37
"2017-07-14 14:45:00",92,32
"2017-07-14 14:50:00",90,39
"2017-07-14 14:55:00",86,26
"2017-07-14 15:00:00",88,45
"2017-07-14 15:05:00",92,32
"2017-07-14 15:10:00",89,36
"2017-07-14 15:15:00",92,26
"2017-07-14 15:20:00",94,34
"2017-07-14 15:25:00",88,35
"2017-07-14 15:30:00",93,32
"2017-07-14 15:35:00",86,31
"2017-07-14 15:40:00",89,28
"2017-07-14 15:45:00",92,39
"2017-07-14 15:50:00",92,35
"2017-07-14 15:55:00",83,29
"2017-07-14 16:00:00",85,50
"2017-07-14 16:05:00",87,35
"2017-07-14 16:10:00",94,38
"2017-07-14 16:15:00",99,39
"2017-07-14 16:20:00",95,32
"2017-07-14 16:25:00",90,36
"2017-07-14 16:30:00",97,28
"2017-07-14 16:35:00",93,37
"2017-07-14 16:40:00",86,25
"2017-07-14 16:45:00",91,37
"2017-07-14 16:50:00",91,33
"2017-07-14 16:55:00",94,33
"2017-07-14 17:00:00",90,32
"2017-07-14 17:05:00",95,30
"2017-07-14 17:10:00",92,32
"2017-07-14 17:15:00",92,26
"2017-07-14 17:20:00",90,32
"2017-07-14 17:25:00",91,34
"2017-07-14 17:30:00",93,30
"2017-07-14 17:35:00",93,26
"2017-07-14 17:40:00",86,31
"2017-07-14 17:45:00",87,32
"2017-07-14 17:50:00",89,35
"2017-07-14 17:55:00",95,35
"2017-07-14 18:00:00",93,26
"2017-07-14 18:05:00",92,39
"2017-07-14 18:10:00",92,32
"2017-07-14 18:15:00",91,31
"2017-07-14 18:20:00",89,29
"2017-07-14 18:25:00",89,32
"2017-07-14 18:30:00",96,26
"2017-07-14 18:35:00",85,33
"2017-07-14 18:40:00",88,23
"2017-07-14 18:45:00",89,30
"2017-07-14 18:50:00",89,43
"2017-07-14 18:55:00",89,36
"2017-07-14 19:00:00",87,24
"2017-07-14 19:05:00",91,30
"2017-07-14 19:10:00",96,37
"2017-07-14 19:15:00",92,24
"2017-07-14 19:20:00",87,28
"2017-07-14 19:25:00",84,27
"2017-07-14 19:30:00",89,25
"2017-07-14 19:35:00",79,23
"2017-07-14 19:40:00",87,34
"2017-07-14 19:45:00",84,28
"2017-07-14 19:50:00",86,22
"2017-07-14 19:55:00",86,27
"2017-07-14 20:00:00",89,31
"2017-07-14 20:05:00",87,22
"2017-07-14 20:10:00",86,21
"2017-07-14 20:15:00",91,25
"2017-07-14 20:20:00",83,21
"2017-07-14 20:25:00",88,19
"2017-07-14 20:30:00",80,11
"2017-07-14 20:35:00",77,19
"2017-07-14 20:40:00",94,17
"2017-07-14 20:45:00",74,51
"2017-07-14 20:50:00",78,29
"2017-07-14 20:55:00",89,27
"2017-07-14 21:00:00",86,26
"2017-07-14 21:05:00",84,24
"2017-07-14 21:10:00",82,22
"2017-07-14 21:15:00",84,23
"2017-07-14 21:20:00",82,28
"2017-07-14 21:25:00",87,26
"2017-07-14 21:30:00",79,25
"2017-07-14 21:35:00",86,23
"2017-07-14 21:40:00",83,16
"2017-07-14 21:45:00",78,17
"2017-07-14 21:50:00",81,19
"2017-07-14 21:55:00",82,21
"2017-07-14 22:00:00",81,23
"2017-07-14 22:05:00",86,18
"2017-07-14 22:10:00",75,27
"2017-07-14 22:15:00",79,17
"2017-07-14 22:20:00",79,12
"2017-07-14 22:25:00",81,24
"2017-07-14 22:30:00",88,22
"2017-07-14 22:35:00",84,23
"2017-07-14 22:40:00",80,12
"2017-07-14 22:45:00",84,24
"2017-07-14 22:50:00",79,18
"2017-07-14 22:55:00",81,17
"2017-07-14 23:00:00",86,13
"2017-07-14 23:05:00",87,23
"2017-07-14 23:10:00",85,14
"2017-07-16 14:10:00",94,37
"2017-07-16 14:15:00",92,24
"2017-07-16 14:20:00",90,32
"2017-07-16 14:25:00",96,31
"2017-07-16 14:30:00",93,32
"2017-07-16 14:35:00",92,37
"2017-07-16 14:40:00",93,41
"2017-07-16 14:45:00",98,32
"2017-07-16 14:50:00",93,26
"2017-07-16 14:55:00",92,37
"2017-07-16 15:00:00",96,39
"2017-07-16 15:05:00",88,35
"2017-07-16 15:10:00",93,35
"2017-07-16 15:15:00",89,34
"2017-07-16 15:20:00",95,45
"2017-07-16 15:25:00",93,37
"2017-07-16 15:30:00",93,31
"2017-07-16 15:35:00",96,31
"2017-07-16 15:40:00",93,31
"2017-07-16 15:45:00",92,42
"2017-07-16 15:50:00",95,32
"2017-07-16 15:55:00",93,39
"2017-07-16 16:00:00",92,32
"2017-07-16 16:05:00",94,28
"2017-07-16 16:10:00",91,32
"2017-07-16 16:15:00",95,42
"2017-07-16 16:20:00",91,29
"2017-07-16 16:25:00",93,37
"2017-07-16 16:30:00",93,32
"2017-07-16 16:35:00",90,40
"2017-07-16 16:40:00",93,39
"2017-07-16 16:45:00",88,24
"2017-07-16 16:50:00",94,37
"2017-07-16 16:55:00",96,28
"2017-07-16 17:00:00",92,31
"2017-07-16 17:05:00",92,29
"2017-07-16 17:10:00",94,26
"2017-07-16 17:15:00",93,33
"2017-07-16 17:20:00",92,29
"2017-07-16 17:25:00",95,32
"2017-07-16 17:30:00",90,33
"2017-07-16 17:35:00",91,31
"2017-07-16 17:40:00",91,31
"2017-07-16 17:45:00",93,31
"2017-07-17 14:10:00",86,20
"2017-07-17 14:15:00",93,22
"2017-07-17 14:20:00",85,25
"2017-07-17 14:25:00",88,21
"2017-07-17 14:30:00",83,24
"2017-07-18 14:10:00",88,36
"2017-07-18 14:15:00",84,29
"2017-07-18 14:20:00",87,28
"2017-07-18 14:25:00",84,25
"2017-07-18 14:30:00",85,32
"2017-07-18 14:35:00",89,25
"2017-07-18 14:40:00",95,34
"2017-07-18 14:45:00",88,32
"2017-07-18 14:50:00",94,31
"2017-07-18 14:55:00",89,19
"2017-07-18 15:00:00",90,18
"2017-07-18 15:05:00",90,28
"2017-07-18 15:10:00",85,32
"2017-07-18 15:15:00",87,29
"2017-07-18 15:20:00",85,37
"2017-07-18 15:25:00",89,34
"2017-07-18 15:30:00",92,19
"2017-07-18 15:35:00",84,27
"2017-07-18 15:40:00",91,22
"2017-07-18 15:45:00",87,25
"2017-07-18 15:50:00",85,28
"2017-07-18 15:55:00",94,21
"2017-07-18 16:00:00",88,28
"2017-07-18 16:05:00",91,29
"2017-07-18 16:10:00",91,24
"2017-07-18 16:15:00",86,29
"2017-07-18 16:20:00",93,28
"2017-07-18 16:25:00",82,30
"2017-07-18 16:30:00",93,22
"2017-07-18 16:35:00",83,22
"2017-07-18 16:40:00",90,21
"2017-07-18 16:45:00",87,26
"2017-07-18 16:50:00",90,25
"2017-07-18 16:55:00",87,21
"2017-07-18 17:00:00",82,21
"2017-07-18 17:05:00",87,29
"2017-07-18 17:10:00",85,29
"2017-07-18 17:15:00",82,21
"2017-07-18 17:20:00",83,28
"2017-07-18 17:25:00",84,21
"2017-07-18 17:30:00",93,25
"2017-07-18 17:35:00",87,23
"2017-07-18 17:40:00",88,23
"2017-07-18 17:45:00",79,23
"2017-07-18 17:50:00",84,19
"2017-07-18 17:55:00",87,27
"2017-07-18 18:00:00",88,25
"2017-07-18 18:05:00",87,20
"2017-07-18 18:10:00",91,22
"2017-07-18 18:15:00",83,19
"2017-07-18 18:20:00",92,23
"2017-07-18 18:25:00",93,26
"2017-07-18 18:30:00",93,18
"2017-07-18 18:35:00",81,22
"2017-07-18 18:40:00",86,21
"2017-07-18 18:45:00",83,24
"2017-07-18 18:50:00",85,22
"2017-07-18 18:55:00",86,21
"2017-07-18 19:00:00",81,15
"2017-07-18 19:05:00",86,16
"2017-07-18 19:10:00",85,24
"2017-07-18 19:15:00",81,23
"2017-07-18 19:20:00",79,16
"2017-07-20 14:10:00",89,34
"2017-07-20 14:15:00",80,27
"2017-07-20 14:20:00",87,35
"2017-07-20 14:25:00",90,20
"2017-07-20 14:30:00",80,26
"2017-07-20 14:35:00",90,27
"2017-07-20 14:40:00",87,28
"2017-07-20 14:45:00",88,36
"2017-07-20 14:50:00",86,28
"2017-07-20 14:55:00",85,27
"2017-07-22 14:10:00",94,31
"2017-07-22 14:15:00",90,32
"2017-07-22 14:20:00",91,34
"2017-07-22 14:25:00",87,24
"2017-07-22 14:30:00",86,26
"2017-07-22 14:35:00",90,33
"2017-07-22 14:40:00",85,34
"2017-07-22 14:45:00",83,23
"2017-07-22 14:50:00",92,32
"2017-07-22 14:55:00",90,31
"2017-07-22 15:00:00",84,21
"2017-07-22 15:05:00",89,32
"2017-07-22 15:10:00",85,26
"2017-07-22 15:15:00",87,24
"2017-07-23 14:10:00",86,24
"2017-07-23 14:15:00",92,26
"2017-07-23 14:20:00",94,18
"2017-07-23 14:25:00",91,20
"2017-07-23 14:30:00",92,19
"2017-07-23 14:35:00",86,26
"2017-07-23 14:40:00",87,18
"2017-07-23 14:45:00",95,29
"2017-07-25 14:10:00",85,22
"2017-07-25 14:15:00",90,29
"2017-07-25 14:20:00",89,28
"2017-07-25 14:25:00",88,24
"2017-07-25 14:30:00",87,26
"2017-07-28 14:10:00",91,36
"2017-07-28 14:15:00",90,32
"2017-07-28 14:20:00",88,32
"2017-07-28 14:25:00",86,28
"2017-07-28 14:30:00",93,35
"2017-07-28 14:35:00",91,35
"2017-07-28 14:40:00",82,27
"2017-07-28 14:45:00",91,36
"2017-07-28 14:50:00",88,35
"2017-07-28 14:55:00",90,30
"2017-07-28 15:00:00",92,25
"2017-08-01 14:10:00",93,32
"2017-08-01 14:15:00",84,33
"2017-08-01 14:20:00",92,17
"2017-08-01 14:25:00",92,31
"2017-08-02 14:10:00",92,40
"2017-08-02 14:15:00",90,33
"2017-08-02 14:20:00",89,35
"2017-08-02 14:25:00",89,36
"2017-08-02 14:30:00",91,34
"2017-08-02 14:35:00",86,31
"2017-08-02 14:40:00",91,17
"2017-08-02 14:45:00",87,34
"2017-08-02 14:50:00",84,24
"2017-08-02 14:55:00",89,27
"2017-08-02 15:00:00",87,37
"2017-08-02 15:05:00",90,26
"2017-08-02 15:10:00",87,24
"2017-08-02 15:15:00",94,28
"2017-08-02 15:20:00",88,30
"2017-08-02 15:25:00",90,31
"2017-08-02 15:30:00",91,26
"2017-08-02 15:35:00",96,30
"2017-08-02 15:40:00",85,20
"2017-08-02 15:45:00",90,26
"2017-08-02 15:50:00",82,22
"2017-08-02 15:55:00",91,23
"2017-08-02 16:00:00",89,22
"2017-08-03 14:10:00",88,30
"2017-08-03 14:15:00",87,29
"2017-08-03 14:20:00",86,28
"2017-08-03 14:25:00",86,29
"2017-08-03 14:30:00",87,33
"2017-08-03 14:35:00",90,26
"2017-08-03 14:40:00",92,31
"2017-08-03 14:45:00",93,25
"2017-08-03 14:50:00",92,24
"2017-08-03 14:55:00",89,24
"2017-08-03 15:00:00",89,28
"2017-08-03 15:05:00",91,27
"2017-08-03 15:10:00",86,23
"2017-08-03 15:15:00",84,29
"2017-08-03 15:20:00",88,31
"2017-08-03 15:25:00",85,24
"2017-08-03 15:30:00",89,26
"2017-08-03 15:35:00",82,32
"2017-08-03 15:40:00",89,29
"2017-08-03 15:45:00",96,31
"2017-08-03 15:50:00",92,37
"2017-08-03 15:55:00",94,25
"2017-08-03 16:00:00",87,28
"2017-08-03 16:05:00",84,27
"2017-08-03 16:10:00",91,22
"2017-08-03 16:15:00",89,20
"2017-08-03 16:20:00",91,22
"2017-08-03 16:25:00",88,28
"2017-08-04 14:10:00",91,32
"2017-08-04 14:15:00",88,26
"2017-08-04 14:20:00",87,30
"2017-08-04 14:25:00",88,33
"2017-08-04 14:30:00",90,29
"2017-08-04 14:35:00",93,37
"2017-08-04 14:40:00",94,32
"2017-08-04 14:45:00",90,37
"2017-08-04 14:50:00",90,36
"2017-08-04 14:55:00",91,40
"2017-08-04 15:00:00",91,35
"2017-08-04 15:05:00",92,27
"2017-08-04 15:10:00",91,31
"2017-08-04 15:15:00",86,21
"2017-08-04 15:20:00",87,41
"2017-08-04 15:25:00",91,36
"2017-08-04 15:30:00",89,35
"2017-08-05 14:10:00",92,29
"2017-08-05 14:15:00",91,28
"2017-08-05 14:20:00",88,32
"2017-08-05 14:25:00",87,27
"2017-08-05 14:30:00",90,26
"2017-08-05 14:35:00",93,39
"2017-08-05 14:40:00",94,29
"2017-08-05 14:45:00",93,31
"2017-08-05 14:50:00",86,32
"2017-08-05 14:55:00",92,31
"2017-08-05 15:00:00",92,42
"2017-08-05 15:05:00",95,44
"2017-08-05 15:10:00",97,35
"2017-08-05 15:15:00",89,37
"2017-08-05 15:20:00",91,32
"2017-08-05 15:25:00",92,32
"2017-08-05 15:30:00",86,31
"2017-08-05 15:35:00",89,23
"2017-08-05 15:40:00",87,30
"2017-08-05 15:45:00",89,27
"2017-08-05 15:50:00",88,24
"2017-08-05 15:55:00",90,34
"2017-08-05 16:00:00",86,31
"2017-08-05 16:05:00",87,29
"2017-08-05 16:10:00",83,24
"2017-08-05 16:15:00",88,21
"2017-08-05 16:20:00",84,25
"2017-08-05 16:25:00",90,33
"2017-08-05 16:30:00",87,27
"2017-08-05 16:35:00",92,33
"2017-08-05 16:40:00",88,31
"2017-08-05 16:45:00",94,24
"2017-08-05 16:50:00",95,29
"2017-08-05 16:55:00",87,40
"2017-08-05 17:00:00",96,24
"2017-08-05 17:05:00",91,27
"2017-08-05 17:10:00",79,27
"2017-08-05 17:15:00",54,25
"2017-08-05 17:20:00",13,24
"2017-08-22 11:40:00",96,25
"2017-08-22 11:45:00",85,14
"2017-08-22 11:50:00",80,18
"2017-08-22 11:55:00",80,16
"2017-08-22 12:00:00",69,11
"2017-08-22 12:05:00",93,12
"2017-08-22 12:10:00",96,3
"2017-08-22 12:15:00",95,29
"2017-08-23 17:45:00",91,20
"2017-08-23 17:50:00",83,20
"2017-08-23 18:05:00",96,28
"2017-08-23 18:10:00",81,25
"2017-08-23 18:15:00",86,26
"2017-08-23 18:20:00",88,25
"2017-08-23 18:25:00",91,29
"2017-08-23 18:30:00",94,17
"2017-08-23 18:35:00",88,24
"2017-08-23 18:40:00",81,26
"2017-08-23 18:45:00",86,25
"2017-08-23 18:50:00",87,33
"2017-08-23 18:55:00",87,18
"2017-08-23 19:05:00",89,17
"2017-08-23 19:10:00",89,19
"2017-08-23 19:15:00",89,16
"2017-08-23 19:20:00",86,29
"2017-08-23 19:25:00",86,21
"2017-08-23 19:35:00",87,16
"2017-08-23 19:40:00",86,21
"2017-08-23 19:45:00",86,18
"2017-08-23 19:55:00",83,30
"2017-08-23 20:00:00",86,16
"2017-08-23 20:15:00",86,16
"2017-08-23 20:50:00",91,14
"2017-08-23 21:00:00",90,20
"2017-08-23 21:05:00",87,17
"2017-08-23 21:30:00",84,19
"2017-08-23 21:40:00",88,18
"2017-08-23 21:45:00",81,13
"2017-08-23 21:50:00",90,13
"2017-08-23 21:55:00",84,20
"2017-08-23 22:00:00",86,13
"2017-08-23 22:05:00",84,15
"2017-08-23 22:10:00",85,15
"2017-08-23 22:15:00",87,22
"2017-08-23 22:20:00",86,16
"2017-08-23 22:25:00",89,17
"2017-08-23 22:30:00",85,13
"2017-08-23 22:35:00",80,14
"2017-08-23 22:40:00",86,17
"2017-08-23 22:45:00",83,20
"2017-08-23 22:50:00",81,10
"2017-08-23 22:55:00",88,15
"2017-08-23 23:00:00",80,13
"2017-08-23 23:05:00",91,10
"2017-08-23 23:15:00",85,18
"2017-08-23 23:20:00",80,13
"2017-08-23 23:25:00",85,8
"2017-08-23 23:30:00",85,16
"2017-08-23 23:35:00",89,18
"2017-08-23 23:40:00",88,19
"2017-08-23 23:45:00",79,15
"2017-08-23 23:50:00",85,8
"2017-08-23 23:55:00",80,7
"2017-08-24 00:00:00",81,19
"2017-08-24 00:05:00",85,13
"2017-08-24 00:10:00",82,12
"2017-08-24 00:15:00",75,18
"2017-08-24 00:20:00",83,14
"2017-08-24 00:25:00",85,15
"2017-08-24 00:30:00",86,17
"2017-08-24 00:35:00",82,16
"2017-08-24 00:40:00",84,13
"2017-08-24 00:45:00",82,10
"2017-08-24 00:50:00",84,10
"2017-08-24 00:55:00",81,9
"2017-08-24 01:00:00",85,18
"2017-08-24 01:05:00",78,10
"2017-08-24 01:10:00",83,15
"2017-08-24 01:15:00",81,12
"2017-08-24 01:20:00",80,12
"2017-08-24 01:25:00",78,17
"2017-08-24 01:30:00",85,15
"2017-08-24 01:35:00",88,8
"2017-08-24 01:40:00",85,8
"2017-08-24 01:45:00",86,8
"2017-08-24 01:50:00",87,14
"2017-08-24 01:55:00",94,5
"2017-08-24 02:00:00",83,9
"2017-08-24 02:05:00",91,6
"2017-08-24 02:10:00",84,12
"2017-08-24 02:15:00",91,5
"2017-08-24 02:20:00",84,13
"2017-08-24 02:25:00",90,14
"2017-08-24 02:30:00",87,14
"2017-08-24 02:35:00",90,11
"2017-08-24 02:40:00",88,8
"2017-08-24 02:45:00",82,8
"2017-08-24 02:50:00",87,6
"2017-08-24 02:55:00",83,15
"2017-08-24 03:00:00",85,9
"2017-08-24 03:05:00",85,10
"2017-08-24 03:10:00",82,7
"2017-08-24 03:15:00",84,10
"2017-08-24 03:20:00",85,12
"2017-08-24 03:25:00",83,13
"2017-08-24 03:30:00",84,11
"2017-08-24 03:35:00",91,9
"2017-08-24 03:40:00",83,12
"2017-08-24 03:45:00",85,13
"2017-08-24 03:50:00",87,5
"2017-08-24 03:55:00",83,12
"2017-08-24 04:00:00",86,14
"2017-08-24 04:05:00",82,17
"2017-08-24 04:10:00",82,8
"2017-08-24 04:15:00",78,8
"2017-08-24 04:20:00",82,13
"2017-08-24 04:25:00",78,11
"2017-08-24 04:30:00",81,15
"2017-08-24 04:35:00",88,9
"2017-08-24 04:40:00",91,4
"2017-08-24 04:45:00",82,11
"2017-08-24 04:50:00",86,9
"2017-08-24 04:55:00",83,16
"2017-08-24 05:00:00",82,9
"2017-08-24 05:05:00",88,8
"2017-08-24 05:15:00",91,10
"2017-08-24 05:20:00",82,16
"2017-08-24 05:25:00",85,8
"2017-08-24 05:30:00",82,12
"2017-08-24 05:35:00",86,11
"2017-08-24 05:40:00",88,20
"2017-08-24 05:45:00",94,9
"2017-08-24 05:50:00",86,16
"2017-08-24 05:55:00",86,15
"2017-08-24 06:00:00",92,13
"2017-08-24 06:05:00",88,15
"2017-08-24 06:10:00",81,13
"2017-08-24 06:15:00",82,22
"2017-08-24 06:20:00",90,12
"2017-08-24 06:25:00",89,23
"2017-08-24 06:30:00",88,17
"2017-08-24 06:35:00",83,16
"2017-08-24 06:40:00",87,22
"2017-08-24 06:45:00",86,30
"2017-08-24 06:50:00",86,24
"2017-08-24 06:55:00",91,25
"2017-08-24 07:00:00",88,19
"2017-08-24 07:10:00",86,16
"2017-08-24 07:15:00",89,19
"2017-08-24 07:20:00",90,39
"2017-08-24 07:25:00",93,26
"2017-08-24 07:30:00",95,23
"2017-08-24 07:35:00",90,24
"2017-08-24 07:40:00",88,23
"2017-08-24 07:45:00",88,35
"2017-08-24 07:50:00",88,26
"2017-08-24 07:55:00",89,28
"2017-08-24 08:00:00",89,19
"2017-08-24 08:05:00",97,26
"2017-08-24 08:10:00",94,28
"2017-08-24 08:15:00",92,29
"2017-08-24 08:20:00",92,23
"2017-08-24 08:25:00",96,35
"2017-08-24 08:30:00",96,34
"2017-08-24 08:35:00",96,37
"2017-08-24 08:40:00",94,28
"2017-08-24 08:45:00",97,39
"2017-08-24 08:50:00",99,37
"2017-08-24 08:55:00",96,34
"2017-08-24 09:00:00",95,31
"2017-08-24 09:05:00",95,34
"2017-08-24 09:10:00",90,32
"2017-08-24 09:15:00",96,41
"2017-08-24 09:20:00",98,27
"2017-08-24 09:30:00",94,42
"2017-08-24 09:35:00",91,30
"2017-08-24 09:40:00",93,28
"2017-08-24 09:45:00",96,40
"2017-08-24 09:50:00",97,38
"2017-08-24 09:55:00",99,27
"2017-08-24 10:00:00",96,39
"2017-08-24 10:05:00",96,42
"2017-08-24 10:10:00",93,39
"2017-08-24 10:15:00",92,29
"2017-08-24 10:20:00",92,43
"2017-08-24 10:25:00",84,31
"2017-08-24 10:30:00",88,37
"2017-08-24 10:35:00",95,34
"2017-08-24 10:40:00",92,30
"2017-08-24 10:45:00",97,40
"2017-08-24 10:50:00",90,33
"2017-08-24 10:55:00",96,35
"2017-08-24 11:00:00",93,33
"2017-08-24 11:05:00",86,32
"2017-08-24 11:10:00",93,32
"2017-08-24 11:15:00",92,33
"2017-08-24 11:20:00",90,35
"2017-08-24 11:25:00",88,32
"2017-08-24 11:30:00",92,25
"2017-08-24 11:35:00",93,28
"2017-08-24 12:20:00",89,32
"2017-08-24 12:25:00",51,36
"2017-08-24 12:30:00",41,29
"2017-08-24 12:35:00",95,41
"2017-08-24 12:40:00",90,36
"2017-08-24 12:45:00",88,33
"2017-08-24 12:50:00",95,27
"2017-08-24 12:55:00",98,31
"2017-08-24 13:00:00",91,42
"2017-08-24 13:05:00",95,28
"2017-08-24 13:10:00",93,41
"2017-08-24 13:15:00",91,35
"2017-08-24 13:20:00",94,30
"2017-08-24 13:25:00",95,33
"2017-08-24 13:30:00",93,36
"2017-08-24 13:35:00",94,42
"2017-08-24 13:40:00",93,40
"2017-08-24 13:45:00",93,39
"2017-08-24 13:50:00",95,41
"2017-08-24 13:55:00",93,34
"2017-08-24 14:00:00",92,42
"2017-08-24 14:05:00",87,36
"2017-08-24 14:10:00",90,37
"2017-08-24 14:15:00",89,38
"2017-08-24 14:20:00",98,30
"2017-08-24 14:25:00",87,31
"2017-08-24 14:30:00",92,37
"2017-08-24 14:35:00",88,38
"2017-08-24 14:40:00",79,36
"2017-08-24 14:45:00",91,28
"2017-08-24 14:50:00",90,40
"2017-08-24 14:55:00",98,36
"2017-08-24 15:00:00",88,26
"2017-08-24 15:05:00",88,38
"2017-08-24 15:10:00",95,27
"2017-08-24 15:15:00",90,28
"2017-08-24 15:20:00",95,24
"2017-08-24 15:25:00",91,16
"2017-08-24 15:30:00",94,26
"2017-08-24 15:35:00",92,24
"2017-08-24 15:40:00",85,21
"2017-08-24 15:45:00",90,28
"2017-08-24 15:50:00",97,27
"2017-08-24 15:55:00",92,21
"2017-08-24 16:00:00",97,24
"2017-08-24 16:05:00",92,31
"2017-08-24 16:10:00",98,24
"2017-08-24 16:15:00",95,29
"2017-08-24 16:20:00",92,37
"2017-08-24 16:25:00",100,38
"2017-08-24 16:30:00",88,37
"2017-08-24 16:35:00",93,39
"2017-08-24 16:40:00",91,46
"2017-08-24 16:45:00",96,43
"2017-08-24 16:50:00",92,40
"2017-08-24 16:55:00",89,37
"2017-08-24 17:00:00",90,31
"2017-08-24 17:05:00",92,43
"2017-08-24 17:10:00",93,39
"2017-08-24 17:15:00",93,36
"2017-08-24 17:20:00",93,36
"2017-08-24 17:25:00",88,42
"2017-08-24 17:35:00",94,29
"2017-08-24 17:40:00",90,36
"2017-08-24 17:45:00",90,31
"2017-08-24 17:50:00",91,37
"2017-08-24 17:55:00",89,36
"2017-08-24 18:05:00",85,30
"2017-08-24 18:15:00",102,37
"2017-08-24 18:20:00",86,28
"2017-08-24 18:25:00",93,30
"2017-08-24 18:30:00",91,17
"2017-08-24 18:35:00",92,33
"2017-08-24 18:40:00",84,26
"2017-08-24 18:45:00",82,23
"2017-08-24 18:50:00",83,26
"2017-08-24 18:55:00",85,19
"2017-08-24 19:00:00",87,13
"2017-08-24 19:05:00",86,32
"2017-08-24 19:10:00",86,29
"2017-08-24 19:15:00",88,27
"2017-08-24 19:25:00",84,29
"2017-08-24 19:30:00",89,24
"2017-08-24 19:35:00",83,24
"2017-08-24 19:40:00",89,19
"2017-08-24 19:45:00",85,24
"2017-08-24 19:55:00",85,21
"2017-08-24 20:00:00",87,20
"2017-08-24 20:05:00",84,19
"2017-08-24 20:10:00",93,19
"2017-08-24 20:15:00",88,22
"2017-08-24 20:20:00",90,18
"2017-08-24 20:25:00",87,24
"2017-08-24 20:30:00",89,23
"2017-08-24 20:35:00",81,20
"2017-08-24 20:40:00",85,22
"2017-08-24 20:45:00",88,21
"2017-08-24 20:50:00",93,20
"2017-08-24 20:55:00",87,12
"2017-08-24 21:00:00",83,25
"2017-08-24 21:05:00",86,14
"2017-08-24 21:10:00",80,23
"2017-08-24 21:25:00",82,21
"2017-08-24 21:30:00",86,16
"2017-08-24 21:35:00",81,22
"2017-08-24 21:40:00",84,27
"2017-08-24 21:45:00",86,16
"2017-08-24 21:50:00",84,16
"2017-08-24 21:55:00",84,18
"2017-08-24 22:00:00",86,15
"2017-08-24 22:05:00",87,20
"2017-08-24 22:10:00",84,19
"2017-08-24 22:15:00",85,15
"2017-08-24 22:20:00",87,18
"2017-08-24 22:25:00",91,16
"2017-08-24 22:35:00",86,15
"2017-08-24 22:40:00",85,15
"2017-08-24 22:45:00",84,14
"2017-08-24 22:50:00",88,17
"2017-08-24 22:55:00",82,11
"2017-08-24 23:00:00",81,15
"2017-08-24 23:05:00",84,14
"2017-08-24 23:10:00",86,17
"2017-08-24 23:15:00",85,15
"2017-08-24 23:20:00",86,18
"2017-08-24 23:25:00",82,18
"2017-08-24 23:30:00",82,22
"2017-08-24 23:35:00",84,10
"2017-08-24 23:40:00",81,11
"2017-08-24 23:45:00",87,16
"2017-08-24 23:50:00",83,18
"2017-08-24 23:55:00",81,13
"2017-08-25 00:00:00",78,12
"2017-08-25 00:05:00",84,21
"2017-08-25 00:10:00",83,15
"2017-08-25 00:15:00",80,13
"2017-08-25 00:20:00",83,18
"2017-08-25 00:25:00",75,10
"2017-08-25 00:30:00",89,7
"2017-08-25 00:35:00",84,15
"2017-08-25 00:40:00",82,13
"2017-08-25 00:45:00",82,7
"2017-08-25 00:50:00",84,8
"2017-08-25 00:55:00",85,11
"2017-08-25 01:00:00",83,14
"2017-08-25 01:05:00",86,16
"2017-08-25 01:10:00",82,23
"2017-08-25 01:15:00",83,14
"2017-08-25 01:20:00",81,9
"2017-08-25 01:25:00",85,9
"2017-08-25 01:30:00",86,8
"2017-08-25 01:35:00",83,12
"2017-08-25 01:40:00",93,10
"2017-08-25 01:45:00",81,19
"2017-08-25 01:50:00",82,8
"2017-08-25 01:55:00",89,10
"2017-08-25 02:00:00",79,11
"2017-08-25 02:05:00",86,8
"2017-08-25 02:10:00",80,11
"2017-08-25 02:15:00",84,11
"2017-08-25 02:20:00",85,7
"2017-08-25 02:25:00",83,9
"2017-08-25 02:30:00",85,13
"2017-08-25 02:35:00",80,13
"2017-08-25 02:40:00",79,13
"2017-08-25 02:45:00",82,9
"2017-08-25 02:50:00",85,14
"2017-08-25 02:55:00",94,8
"2017-08-25 03:00:00",88,10
"2017-08-25 03:05:00",87,7
"2017-08-25 03:10:00",83,7
"2017-08-25 03:15:00",78,8
"2017-08-25 03:20:00",83,11
"2017-08-25 03:25:00",81,11
"2017-08-25 03:30:00",83,7
"2017-08-25 03:35:00",82,17
"2017-08-25 03:40:00",85,11
"2017-08-25 03:45:00",80,15
"2017-08-25 03:50:00",87,11
"2017-08-25 03:55:00",85,12
"2017-08-25 04:00:00",83,10
"2017-08-25 04:05:00",82,8
"2017-08-25 04:10:00",85,7
"2017-08-25 04:15:00",84,18
"2017-08-25 04:20:00",81,10
"2017-08-25 04:25:00",77,5
"2017-08-25 04:30:00",86,11
"2017-08-25 04:35:00",85,10
"2017-08-25 04:40:00",85,12
"2017-08-25 04:45:00",87,15
"2017-08-25 04:50:00",83,9
"2017-08-25 04:55:00",88,8
"2017-08-25 05:00:00",83,9
"2017-08-25 05:05:00",79,17
"2017-08-25 05:10:00",88,15
"2017-08-25 05:15:00",91,12
"2017-08-25 05:20:00",91,11
"2017-08-25 05:25:00",89,7
"2017-08-25 05:30:00",86,12
"2017-08-25 05:35:00",93,11
"2017-08-25 05:40:00",79,18
"2017-08-25 05:45:00",81,14
"2017-08-25 05:50:00",82,8
"2017-08-25 05:55:00",86,15
"2017-08-25 06:00:00",85,17
"2017-08-25 06:05:00",84,21
"2017-08-25 06:10:00",93,15
"2017-08-25 06:15:00",88,23
"2017-08-25 06:20:00",85,18
"2017-08-25 06:25:00",81,18
"2017-08-25 06:30:00",89,15
"2017-08-25 06:35:00",88,20
"2017-08-25 06:40:00",89,26
"2017-08-25 06:45:00",91,15
"2017-08-25 06:50:00",92,23
"2017-08-25 06:55:00",90,19
"2017-08-25 07:00:00",89,21
"2017-08-25 07:05:00",88,15
"2017-08-25 07:10:00",89,28
"2017-08-25 07:15:00",84,24
"2017-08-25 07:20:00",95,23
"2017-08-25 07:25:00",91,31
"2017-08-25 07:30:00",96,19
"2017-08-25 07:35:00",88,38
"2017-08-25 07:40:00",100,24
"2017-08-25 07:45:00",90,30
"2017-08-25 07:50:00",97,24
"2017-08-25 07:55:00",91,22
"2017-08-25 08:00:00",90,26
"2017-08-25 08:05:00",94,30
"2017-08-25 08:10:00",88,20
"2017-08-25 08:15:00",93,33
"2017-08-25 08:20:00",93,32
"2017-08-25 08:25:00",95,27
"2017-08-25 08:30:00",97,34
"2017-08-25 08:35:00",93,33
"2017-08-25 08:40:00",92,32
"2017-08-25 08:45:00",96,26
"2017-08-25 08:50:00",93,29
"2017-08-25 08:55:00",96,28
"2017-08-25 09:00:00",91,36
"2017-08-25 09:05:00",100,36
"2017-08-25 09:10:00",95,39
"2017-08-25 09:15:00",97,54
"2017-08-25 09:20:00",97,47
"2017-08-25 09:25:00",95,49
"2017-08-25 09:30:00",95,37
"2017-08-25 09:35:00",93,33
"2017-08-25 09:40:00",92,37
"2017-08-25 09:45:00",95,31
"2017-08-25 09:50:00",95,33
"2017-08-25 09:55:00",97,35
"2017-08-25 10:00:00",93,38
"2017-08-25 10:05:00",99,37
"2017-08-25 10:10:00",98,33
"2017-08-25 10:15:00",98,37
"2017-08-25 10:20:00",96,44
"2017-08-25 10:25:00",93,38
"2017-08-25 10:30:00",98,45
"2017-08-25 10:35:00",92,40
"2017-08-25 10:40:00",97,41
"2017-08-25 10:45:00",92,34
"2017-08-25 10:50:00",90,29
"2017-08-25 10:55:00",86,32
"2017-08-25 11:00:00",96,39
"2017-08-25 11:05:00",91,28
"2017-08-25 11:10:00",93,31
"2017-08-25 11:15:00",93,20
"2017-08-25 11:20:00",95,31
"2017-08-25 11:25:00",98,34
"2017-08-25 11:30:00",95,34
"2017-08-25 11:35:00",89,33
"2017-08-25 11:40:00",93,37
"2017-08-25 11:45:00",98,29
"2017-08-25 11:50:00",96,34
"2017-08-25 11:55:00",97,41
"2017-08-25 12:00:00",97,44
"2017-08-25 12:05:00",97,33
"2017-08-25 12:10:00",95,33
"2017-08-25 12:15:00",94,40
"2017-08-25 12:20:00",96,41
"2017-08-25 12:25:00",94,35
"2017-08-25 12:30:00",98,37
"2017-08-25 12:35:00",91,39
"2017-08-25 12:40:00",103,43
"2017-08-25 12:45:00",93,43
"2017-08-25 12:50:00",99,30
"2017-08-25 12:55:00",95,35
"2017-08-25 13:00:00",93,30
"2017-08-25 13:05:00",96,31
"2017-08-25 13:10:00",92,36
"2017-08-25 13:15:00",92,41
"2017-08-25 13:20:00",95,37
"2017-08-25 13:25:00",91,26
"2017-08-25 13:30:00",95,37
"2017-08-25 13:35:00",96,39
"2017-08-25 13:40:00",85,32
"2017-08-25 13:45:00",97,41
"2017-08-25 13:50:00",94,39
"2017-08-25 13:55:00",85,44
"2017-08-25 14:00:00",22,27
"2017-08-25 14:05:00",12,43
"2017-08-25 14:10:00",39,43
"2017-08-25 14:15:00",35,48
"2017-08-25 14:20:00",60,47
"2017-08-25 14:25:00",88,57
"2017-08-25 14:30:00",91,50
"2017-08-25 14:35:00",87,48
"2017-08-25 14:40:00",90,44
"2017-08-25 14:45:00",94,50
"2017-08-25 14:50:00",90,70
"2017-08-25 14:55:00",96,41
"2017-08-25 15:00:00",95,44
"2017-08-25 15:05:00",92,54
"2017-08-25 15:10:00",101,45
"2017-08-25 15:15:00",94,40
"2017-08-25 15:20:00",96,34
"2017-08-25 15:25:00",96,41
"2017-08-25 15:30:00",95,54
"2017-08-25 15:35:00",90,49
"2017-08-25 15:40:00",98,36
"2017-08-25 15:45:00",99,32
"2017-08-25 15:50:00",97,38
"2017-08-25 15:55:00",94,37
"2017-08-25 16:00:00",94,51
"2017-08-25 16:05:00",98,35
"2017-08-25 16:10:00",93,37
"2017-08-25 16:15:00",91,35
"2017-08-25 16:20:00",90,36
"2017-08-25 16:25:00",95,47
"2017-08-25 16:30:00",91,35
"2017-08-25 16:35:00",95,37
"2017-08-25 16:40:00",91,39
"2017-08-25 16:45:00",93,33
"2017-08-25 16:50:00",91,31
"2017-08-25 16:55:00",95,47
"2017-08-25 17:00:00",90,40
"2017-08-25 17:05:00",91,41
"2017-08-25 17:10:00",91,45
"2017-08-25 17:15:00",101,40
"2017-08-25 17:20:00",89,46
"2017-08-25 17:25:00",89,46
"2017-08-25 17:30:00",93,49
"2017-08-25 17:35:00",87,50
"2017-08-25 17:40:00",93,34
"2017-08-25 17:45:00",91,49
"2017-08-25 17:50:00",91,44
"2017-08-25 17:55:00",87,41
"2017-08-25 18:00:00",90,46
"2017-08-25 18:05:00",89,50
"2017-08-25 18:10:00",93,42
"2017-08-25 18:15:00",88,44
"2017-08-25 18:20:00",91,37
"2017-08-25 18:25:00",88,40
"2017-08-25 18:30:00",90,35
"2017-08-25 18:35:00",87,27
"2017-08-25 18:40:00",84,29
"2017-08-25 18:45:00",89,30
"2017-08-25 18:50:00",84,29
"2017-08-25 18:55:00",87,27
"2017-08-25 19:00:00",89,33
"2017-08-25 19:05:00",92,32
"2017-08-25 19:10:00",84,23
"2017-08-25 19:15:00",89,25
"2017-08-25 19:20:00",89,32
"2017-08-25 19:25:00",92,43
"2017-08-25 19:30:00",91,49
"2017-08-25 19:35:00",81,37
"2017-08-25 19:40:00",85,26
"2017-08-25 19:45:00",90,38
"2017-08-25 19:50:00",91,41
"2017-08-25 19:55:00",89,27
"2017-08-25 20:00:00",90,33
"2017-08-25 20:05:00",87,31
"2017-08-25 20:10:00",92,36
"2017-08-25 20:15:00",93,34
"2017-08-25 20:20:00",89,38
"2017-08-25 20:25:00",94,31
"2017-08-25 20:30:00",92,32
"2017-08-25 20:35:00",87,29
"2017-08-25 20:40:00",86,41
"2017-08-25 20:45:00",88,32
"2017-08-25 20:50:00",88,26
"2017-08-25 20:55:00",89,34
"2017-08-25 21:00:00",87,24
"2017-08-25 21:05:00",89,32
"2017-08-25 21:10:00",91,19
"2017-08-25 21:15:00",86,17
"2017-08-25 21:20:00",94,21
"2017-08-25 21:25:00",98,24
"2017-08-25 21:30:00",91,21
"2017-08-25 21:35:00",89,27
"2017-08-25 21:40:00",89,17
"2017-08-25 21:45:00",94,25
"2017-08-25 21:50:00",91,19
"2017-08-25 21:55:00",90,22
"2017-08-25 22:00:00",93,22
"2017-08-25 22:05:00",88,24
"2017-08-25 22:10:00",89,25
"2017-08-25 22:15:00",92,27
"2017-08-25 22:20:00",87,26
"2017-08-25 22:25:00",81,15
"2017-08-25 22:30:00",86,28
"2017-08-25 22:35:00",86,19
"2017-08-25 22:40:00",94,23
"2017-08-25 22:45:00",90,32
"2017-08-25 22:50:00",85,23
"2017-08-25 22:55:00",86,10
"2017-08-25 23:00:00",85,17
"2017-08-25 23:05:00",84,26
"2017-08-25 23:10:00",87,15
"2017-08-25 23:15:00",84,13
"2017-08-25 23:20:00",89,17
"2017-08-25 23:25:00",86,15
"2017-08-25 23:30:00",81,16
"2017-08-25 23:35:00",89,9
"2017-08-25 23:40:00",90,15
"2017-08-25 23:45:00",88,12
"2017-08-25 23:50:00",91,12
"2017-08-25 23:55:00",86,15
"2017-08-26 00:00:00",86,8
"2017-08-26 00:05:00",81,9
"2017-08-26 00:10:00",83,18
"2017-08-26 00:15:00",82,13
"2017-08-26 00:20:00",81,20
"2017-08-26 00:25:00",87,13
"2017-08-26 00:30:00",89,16
"2017-08-26 00:35:00",80,19
"2017-08-26 00:40:00",81,14
"2017-08-26 00:45:00",88,15
"2017-08-26 00:50:00",87,16
"2017-08-26 00:55:00",84,20
"2017-08-26 01:00:00",88,13
"2017-08-26 01:05:00",86,11
"2017-08-26 01:10:00",81,13
"2017-08-26 01:15:00",84,17
"2017-08-26 01:20:00",88,14
"2017-08-26 01:25:00",87,11
"2017-08-26 01:30:00",81,10
"2017-08-26 01:35:00",85,15
"2017-08-26 01:40:00",82,8
"2017-08-26 01:45:00",86,13
"2017-08-26 01:50:00",82,11
"2017-08-26 01:55:00",79,10
"2017-08-26 02:00:00",92,5
"2017-08-26 02:05:00",81,13
"2017-08-26 02:10:00",86,8
"2017-08-26 02:15:00",80,9
"2017-08-26 02:20:00",86,12
"2017-08-26 02:25:00",82,7
"2017-08-26 02:30:00",86,6
"2017-08-26 02:35:00",87,11
"2017-08-26 02:40:00",85,12
"2017-08-26 02:45:00",86,12
"2017-08-26 02:50:00",81,10
"2017-08-26 02:55:00",76,8
"2017-08-26 03:00:00",83,9
"2017-08-26 03:05:00",82,8
"2017-08-26 03:10:00",87,7
"2017-08-26 03:15:00",81,14
"2017-08-26 03:20:00",86,9
"2017-08-26 03:25:00",90,7
"2017-08-26 03:30:00",85,11
"2017-08-26 03:35:00",88,11
"2017-08-26 03:40:00",83,8
"2017-08-26 03:45:00",90,12
"2017-08-26 03:50:00",85,5
"2017-08-26 03:55:00",83,15
"2017-08-26 04:00:00",92,5
"2017-08-26 04:05:00",81,13
"2017-08-26 04:10:00",81,8
"2017-08-26 04:15:00",87,11
"2017-08-26 04:20:00",81,11
"2017-08-26 04:25:00",86,13
"2017-08-26 04:30:00",91,8
"2017-08-26 04:35:00",82,11
"2017-08-26 04:40:00",81,15
"2017-08-26 04:45:00",91,11
"2017-08-26 04:50:00",85,12
"2017-08-26 04:55:00",85,12
"2017-08-26 05:00:00",82,19
"2017-08-26 05:05:00",74,8
"2017-08-26 05:10:00",80,17
"2017-08-26 05:15:00",86,18
"2017-08-26 05:20:00",84,13
"2017-08-26 05:25:00",81,11
"2017-08-26 05:30:00",84,9
"2017-08-26 05:35:00",86,10
"2017-08-26 05:40:00",85,14
"2017-08-26 05:45:00",91,12
"2017-08-26 05:50:00",85,18
"2017-08-26 05:55:00",87,15
"2017-08-26 06:00:00",92,14
"2017-08-26 06:05:00",85,18
"2017-08-26 06:10:00",86,11
"2017-08-26 06:15:00",95,17
"2017-08-26 06:20:00",91,17
"2017-08-26 06:25:00",93,26
"2017-08-26 06:30:00",90,20
"2017-08-26 06:35:00",92,15
"2017-08-26 06:40:00",94,16
"2017-08-26 06:45:00",85,19
"2017-08-26 06:50:00",91,23
"2017-08-26 06:55:00",87,20
"2017-08-26 07:00:00",91,22
"2017-08-26 07:05:00",97,20
"2017-08-26 07:10:00",91,24
"2017-08-26 07:15:00",95,21
"2017-08-26 07:20:00",99,33
"2017-08-26 07:25:00",97,34
"2017-08-26 07:30:00",91,27
"2017-08-26 07:35:00",93,32
"2017-08-26 07:40:00",95,39
"2017-08-26 07:45:00",97,31
"2017-08-26 07:50:00",94,43
"2017-08-26 07:55:00",94,28
"2017-08-26 08:00:00",91,35
"2017-08-26 08:05:00",101,29
"2017-08-26 08:10:00",95,58
"2017-08-26 08:15:00",95,37
"2017-08-26 08:20:00",98,39
"2017-08-26 08:25:00",99,30
"2017-08-26 08:30:00",95,38
"2017-08-26 08:35:00",97,49
"2017-08-26 08:40:00",99,40
"2017-08-26 08:45:00",96,41
"2017-08-26 08:50:00",97,50
"2017-08-26 08:55:00",101,44
"2017-08-26 09:00:00",97,52
"2017-08-26 09:05:00",99,45
"2017-08-26 09:10:00",96,51
"2017-08-26 09:15:00",97,41
"2017-08-26 09:20:00",96,49
"2017-08-26 09:25:00",99,56
"2017-08-26 09:30:00",96,61
"2017-08-26 09:35:00",95,50
"2017-08-26 09:40:00",91,51
"2017-08-26 09:45:00",93,59
"2017-08-26 09:50:00",96,58
"2017-08-26 09:55:00",98,61
"2017-08-26 10:00:00",94,56
"2017-08-26 10:05:00",101,37
"2017-08-26 10:10:00",95,62
"2017-08-26 10:15:00",96,62
"2017-08-26 10:20:00",97,63
"2017-08-26 10:25:00",95,68
"2017-08-26 10:30:00",97,64
"2017-08-26 10:35:00",97,61
"2017-08-26 10:40:00",91,46
"2017-08-26 10:45:00",91,58
"2017-08-26 10:50:00",95,51
"2017-08-26 10:55:00",97,49
"2017-08-26 11:00:00",93,46
"2017-08-26 11:05:00",93,40
"2017-08-26 11:10:00",92,36
"2017-08-26 11:15:00",95,42
"2017-08-26 11:20:00",96,47
"2017-08-26 11:25:00",98,47
"2017-08-26 11:30:00",96,29
"2017-08-26 11:35:00",98,41
"2017-08-26 11:40:00",99,47
"2017-08-26 11:45:00",98,30
"2017-08-26 11:50:00",98,34
"2017-08-26 11:55:00",99,45
"2017-08-26 12:00:00",98,32
"2017-08-26 12:05:00",96,41
"2017-08-26 12:10:00",90,31
"2017-08-26 12:15:00",97,33
"2017-08-26 12:20:00",92,36
"2017-08-26 12:25:00",103,31
"2017-08-26 12:30:00",95,37
"2017-08-26 12:35:00",98,34
"2017-08-26 12:40:00",97,30
"2017-08-26 12:45:00",96,41
"2017-08-26 12:50:00",95,33
"2017-08-26 12:55:00",95,46
"2017-08-26 13:00:00",95,40
"2017-08-26 13:05:00",101,32
"2017-08-26 13:10:00",99,44
"2017-08-26 13:15:00",96,47
"2017-08-26 13:20:00",94,50
"2017-08-26 13:25:00",94,41
"2017-08-26 13:30:00",99,46
"2017-08-26 13:35:00",96,48
"2017-08-26 13:40:00",94,39
"2017-08-26 13:45:00",98,48
"2017-08-26 13:50:00",98,45
"2017-08-26 13:55:00",98,52
"2017-08-26 14:00:00",104,51
"2017-08-26 14:05:00",93,37
"2017-08-26 14:10:00",98,42
"2017-08-26 14:15:00",98,45
"2017-08-26 14:20:00",99,50
"2017-08-26 14:25:00",95,62
"2017-08-26 14:30:00",98,46
"2017-08-26 14:35:00",99,48
"2017-08-26 14:40:00",98,49
"2017-08-26 14:45:00",94,56
"2017-08-26 14:50:00",91,49
"2017-08-26 14:55:00",93,45
"2017-08-26 15:00:00",95,52
"2017-08-26 15:05:00",98,62
"2017-08-26 15:10:00",101,42
"2017-08-26 15:15:00",95,53
"2017-08-26 15:20:00",94,38
"2017-08-26 15:25:00",97,40
"2017-08-26 15:30:00",99,71
"2017-08-26 15:35:00",98,58
"2017-08-26 15:40:00",102,52
"2017-08-26 15:45:00",97,47
"2017-08-26 15:50:00",98,43
"2017-08-26 15:55:00",97,48
"2017-08-26 16:00:00",95,37
"2017-08-26 16:05:00",102,56
"2017-08-26 16:10:00",96,41
"2017-08-26 16:15:00",95,41
"2017-08-26 16:20:00",101,43
"2017-08-26 16:25:00",97,46
"2017-08-26 16:30:00",98,43
"2017-08-26 16:35:00",99,43
"2017-08-26 16:40:00",93,35
"2017-08-26 16:45:00",97,46
"2017-08-26 16:50:00",97,44
"2017-08-26 16:55:00",98,48
"2017-08-26 17:00:00",95,42
"2017-08-26 17:05:00",97,33
"2017-08-26 17:10:00",101,33
"2017-08-26 17:15:00",101,36
"2017-08-26 17:20:00",93,39
"2017-08-26 17:25:00",98,37
"2017-08-26 17:30:00",94,44
"2017-08-26 17:35:00",100,40
"2017-08-26 17:40:00",93,23
"2017-08-26 17:45:00",96,37
"2017-08-26 17:50:00",97,36
"2017-08-26 17:55:00",94,32
"2017-08-26 18:00:00",96,34
"2017-08-26 18:05:00",100,37
"2017-08-26 18:10:00",97,42
"2017-08-26 18:15:00",99,35
"2017-08-26 18:20:00",92,31
"2017-08-26 18:25:00",95,36
"2017-08-26 18:30:00",92,20
"2017-08-26 18:35:00",100,40
"2017-08-26 18:40:00",91,36
"2017-08-26 18:45:00",93,23
"2017-08-26 18:50:00",93,28
"2017-08-26 18:55:00",90,26
"2017-08-26 19:00:00",92,28
"2017-08-26 19:05:00",96,24
"2017-08-26 19:10:00",89,23
"2017-08-26 19:15:00",88,26
"2017-08-26 19:20:00",93,24
"2017-08-26 19:25:00",96,23
"2017-08-26 19:30:00",92,25
"2017-08-26 19:35:00",90,37
"2017-08-26 19:40:00",94,21
"2017-08-26 19:45:00",91,26
"2017-08-26 19:50:00",93,25
"2017-08-26 19:55:00",97,23
"2017-08-26 20:00:00",91,23
"2017-08-26 20:05:00",93,21
"2017-08-26 20:10:00",91,27
"2017-08-26 20:15:00",96,23
"2017-08-26 20:20:00",82,22
"2017-08-26 20:25:00",99,32
"2017-08-26 20:30:00",94,20
"2017-08-26 20:35:00",96,31
"2017-08-26 20:40:00",89,31
"2017-08-26 20:45:00",89,22
"2017-08-26 20:50:00",92,35
"2017-08-26 20:55:00",92,23
"2017-08-26 21:00:00",94,24
"2017-08-26 21:05:00",95,22
"2017-08-26 21:10:00",90,26
"2017-08-26 21:15:00",92,26
"2017-08-26 21:20:00",88,21
"2017-08-26 21:25:00",94,15
"2017-08-26 21:30:00",89,23
"2017-08-26 21:35:00",90,21
"2017-08-26 21:40:00",90,14
"2017-08-26 21:45:00",92,11
"2017-08-26 21:50:00",87,18
"2017-08-26 21:55:00",97,21
"2017-08-26 22:00:00",91,22
"2017-08-26 22:05:00",84,13
"2017-08-26 22:10:00",94,18
"2017-08-26 22:15:00",88,19
"2017-08-26 22:20:00",93,20
"2017-08-26 22:25:00",95,13
"2017-08-26 22:30:00",88,15
"2017-08-26 22:35:00",89,11
"2017-08-26 22:40:00",87,13
"2017-08-26 22:45:00",87,18
"2017-08-26 22:50:00",92,14
"2017-08-27 07:00:00",95,18
"2017-08-27 07:05:00",96,14
"2017-08-27 07:10:00",88,21
"2017-08-27 07:15:00",84,21
"2017-08-27 07:20:00",93,23
"2017-08-27 07:25:00",91,25
"2017-08-27 07:30:00",90,26
"2017-08-27 07:35:00",95,19
"2017-08-27 07:40:00",90,31
"2017-08-27 07:45:00",92,23
"2017-08-27 07:50:00",95,23
"2017-08-27 07:55:00",99,27
"2017-08-27 08:00:00",92,27
"2017-08-27 08:05:00",96,24
"2017-08-27 08:10:00",95,29
"2017-08-27 08:15:00",94,33
"2017-08-27 08:20:00",95,39
"2017-08-27 08:25:00",95,31
"2017-08-27 08:30:00",96,29
"2017-08-27 08:35:00",100,42
"2017-08-27 08:40:00",98,36
"2017-08-27 08:45:00",94,45
"2017-08-27 08:50:00",102,45
"2017-08-27 08:55:00",98,47
"2017-08-27 09:00:00",94,44
"2017-08-27 09:05:00",100,37
"2017-08-27 09:10:00",96,34
"2017-08-27 09:15:00",98,53
"2017-08-27 09:20:00",99,36
"2017-08-27 09:25:00",97,42
"2017-08-27 09:30:00",96,56
"2017-08-27 09:35:00",99,59
"2017-08-27 09:40:00",102,40
"2017-08-27 09:45:00",100,39
"2017-08-27 09:50:00",96,45
"2017-08-27 09:55:00",98,38
"2017-08-27 10:00:00",101,52
"2017-08-27 10:05:00",98,47
"2017-08-27 10:10:00",97,45
"2017-08-27 10:15:00",99,42
"2017-08-27 10:20:00",99,47
"2017-08-27 10:25:00",94,31
"2017-08-27 10:30:00",97,38
"2017-08-27 10:35:00",99,39
"2017-08-27 10:40:00",95,43
"2017-08-27 10:45:00",96,37
"2017-08-27 10:50:00",102,38
"2017-08-27 10:55:00",99,40
"2017-08-27 11:00:00",95,35
"2017-08-27 11:05:00",97,38
"2017-08-27 11:10:00",99,35
"2017-08-27 11:15:00",99,44
"2017-08-27 11:20:00",97,35
"2017-08-27 11:25:00",98,33
"2017-08-27 11:30:00",98,41
"2017-08-27 11:35:00",98,32
"2017-08-27 11:40:00",98,33
"2017-08-27 11:45:00",102,33
"2017-08-27 11:50:00",103,38
"2017-08-27 11:55:00",95,29
"2017-08-27 12:00:00",98,26
"2017-08-27 12:05:00",99,30
"2017-08-27 12:10:00",99,35
"2017-08-27 12:15:00",91,35
"2017-08-27 12:20:00",99,29
"2017-08-27 12:25:00",90,37
"2017-08-27 12:30:00",98,29
"2017-08-27 12:35:00",91,33
"2017-08-27 12:40:00",100,30
"2017-08-27 12:45:00",99,43
"2017-08-27 12:50:00",97,47
"2017-08-27 12:55:00",98,42
"2017-08-27 13:00:00",100,36
"2017-08-27 13:05:00",93,22
"2017-08-27 13:10:00",95,35
"2017-08-27 13:15:00",96,31
"2017-08-27 13:20:00",96,31
"2017-08-27 13:25:00",97,38
"2017-08-27 13:30:00",97,34
"2017-08-27 13:35:00",95,31
"2017-08-27 13:40:00",95,48
"2017-08-27 13:45:00",97,33
"2017-08-27 13:50:00",98,39
"2017-08-27 13:55:00",96,32
"2017-08-27 14:00:00",92,38
"2017-08-27 14:05:00",97,46
"2017-08-27 14:10:00",89,33
"2017-08-27 14:15:00",102,43
"2017-08-27 14:20:00",97,33
"2017-08-27 14:25:00",97,46
"2017-08-27 14:30:00",94,54
"2017-08-27 14:35:00",100,52
"2017-08-27 14:40:00",98,48
"2017-08-27 14:45:00",97,46
"2017-08-27 14:50:00",99,61
"2017-08-27 14:55:00",97,56
"2017-08-27 15:00:00",94,49
"2017-08-27 15:05:00",94,44
"2017-08-27 15:10:00",95,49
"2017-08-27 15:15:00",99,51
"2017-08-27 15:20:00",92,47
"2017-08-27 15:25:00",97,44
"2017-08-27 15:30:00",92,40
"2017-08-27 15:35:00",99,53
"2017-08-27 15:40:00",101,44
"2017-08-27 15:45:00",93,53
"2017-08-27 15:50:00",96,52
"2017-08-27 15:55:00",95,61
"2017-08-27 16:00:00",97,38
"2017-08-27 16:05:00",93,43
"2017-08-27 16:10:00",95,44
"2017-08-27 16:15:00",98,53
"2017-08-27 16:20:00",100,46
"2017-08-27 16:25:00",99,43
"2017-08-27 16:30:00",96,44
"2017-08-27 16:35:00",96,46
"2017-08-27 16:40:00",92,52
"2017-08-27 16:45:00",94,41
"2017-08-27 16:50:00",96,52
"2017-08-27 16:55:00",90,39
"2017-08-27 17:00:00",94,46
"2017-08-27 17:05:00",95,44
"2017-08-27 17:10:00",97,49
"2017-08-27 17:15:00",93,42
"2017-08-27 17:20:00",97,47
"2017-08-27 17:25:00",96,43
"2017-08-27 17:30:00",98,47
"2017-08-27 17:35:00",97,54
"2017-08-27 17:40:00",101,46
"2017-08-27 17:45:00",97,36
"2017-08-27 17:50:00",97,51
"2017-08-27 17:55:00",97,55
"2017-08-27 18:00:00",94,47
"2017-08-27 18:05:00",100,36
"2017-08-27 18:10:00",96,36
"2017-08-27 18:15:00",92,34
"2017-08-27 18:20:00",97,38
"2017-08-27 18:25:00",95,33
"2017-08-27 18:30:00",97,35
"2017-08-27 18:35:00",97,37
"2017-08-27 18:40:00",101,28
"2017-08-27 18:45:00",93,25
"2017-08-27 18:50:00",93,39
"2017-08-27 18:55:00",95,38
"2017-08-27 19:00:00",90,33
"2017-08-27 19:05:00",95,27
"2017-08-27 19:10:00",96,38
"2017-08-27 19:15:00",84,28
"2017-08-27 19:20:00",90,31
"2017-08-27 19:25:00",95,34
"2017-08-27 19:30:00",93,27
"2017-08-27 19:35:00",94,26
"2017-08-27 19:40:00",96,25
"2017-08-27 19:45:00",95,23
"2017-08-27 19:50:00",94,20
"2017-08-27 19:55:00",93,29
"2017-08-27 20:00:00",98,23
"2017-08-27 20:05:00",90,24
"2017-08-27 20:10:00",94,26
"2017-08-27 20:15:00",98,17
"2017-08-27 20:20:00",90,20
"2017-08-27 20:25:00",100,26
"2017-08-27 20:30:00",87,18
"2017-08-27 20:35:00",97,22
"2017-08-27 20:40:00",88,15
"2017-08-27 20:45:00",93,20
"2017-08-27 20:50:00",98,24
"2017-08-27 20:55:00",93,20
"2017-08-27 21:00:00",95,28
"2017-08-27 21:05:00",90,22
"2017-08-27 21:10:00",89,14
"2017-08-27 21:15:00",93,13
"2017-08-27 21:20:00",91,20
"2017-08-27 21:25:00",88,24
"2017-08-27 21:30:00",94,17
"2017-08-27 21:35:00",92,20
"2017-08-27 21:40:00",101,20
"2017-08-27 21:45:00",89,22
"2017-08-27 21:50:00",86,22
"2017-08-27 21:55:00",87,13
"2017-08-27 22:00:00",96,22
"2017-08-27 22:05:00",93,16
"2017-08-27 22:10:00",89,16
"2017-08-27 22:15:00",84,18
"2017-08-27 22:20:00",91,11
"2017-08-27 22:25:00",85,14
"2017-08-27 22:30:00",86,20
"2017-08-27 22:35:00",88,20
"2017-08-27 22:40:00",86,14
"2017-08-27 22:45:00",90,14
"2017-08-27 22:50:00",91,15
"2017-08-27 22:55:00",92,11
"2017-08-28 07:00:00",96,25
"2017-08-28 07:05:00",88,28
"2017-08-28 07:10:00",92,27
"2017-08-28 07:15:00",95,24
"2017-08-28 07:20:00",98,28
"2017-08-28 07:25:00",97,28
"2017-08-28 07:30:00",92,33
"2017-08-28 07:35:00",93,32
"2017-08-28 07:40:00",88,31
"2017-08-28 07:45:00",92,27
"2017-08-28 07:50:00",94,27
"2017-08-28 07:55:00",97,28
"2017-08-28 08:00:00",94,33
"2017-08-28 08:05:00",101,31
"2017-08-28 08:10:00",95,36
"2017-08-28 08:15:00",96,29
"2017-08-28 08:20:00",98,37
"2017-08-28 08:25:00",97,37
"2017-08-28 08:30:00",98,28
"2017-08-28 08:35:00",97,45
"2017-08-28 08:40:00",97,43
"2017-08-28 08:45:00",98,39
"2017-08-28 08:50:00",96,43
"2017-08-28 08:55:00",95,33
"2017-08-28 09:00:00",97,41
"2017-08-28 09:05:00",99,47
"2017-08-28 09:10:00",96,36
"2017-08-28 09:15:00",92,36
"2017-08-28 09:20:00",98,40
"2017-08-28 09:25:00",98,39
"2017-08-28 09:30:00",98,43
"2017-08-28 09:35:00",99,53
"2017-08-28 09:40:00",94,48
"2017-08-28 09:45:00",93,31
"2017-08-28 09:50:00",99,35
"2017-08-28 09:55:00",94,36
"2017-08-28 10:00:00",101,47
"2017-08-28 10:05:00",95,32
"2017-08-28 10:10:00",95,33
"2017-08-28 10:15:00",99,42
"2017-08-28 10:20:00",92,31
"2017-08-28 10:25:00",98,37
"2017-08-28 10:30:00",93,39
"2017-08-28 10:35:00",97,40
"2017-08-28 10:40:00",99,32
"2017-08-28 10:45:00",93,32
"2017-08-28 10:50:00",96,31
"2017-08-28 10:55:00",91,34
"2017-08-28 11:00:00",97,35
"2017-08-28 11:05:00",97,32
"2017-08-28 11:10:00",97,35
"2017-08-28 11:15:00",97,41
"2017-08-28 11:20:00",97,37
"2017-08-28 11:25:00",101,26
"2017-08-28 11:30:00",90,28
"2017-08-28 11:35:00",89,24
"2017-08-28 11:40:00",93,26
"2017-08-28 11:45:00",91,28
"2017-08-28 11:50:00",97,21
"2017-08-28 11:55:00",94,28
"2017-08-28 12:00:00",95,33
"2017-08-28 12:05:00",91,29
"2017-08-28 12:10:00",92,31
"2017-08-28 12:15:00",93,28
"2017-08-28 12:20:00",92,20
"2017-08-28 12:25:00",94,33
"2017-08-28 12:30:00",92,26
"2017-08-28 12:35:00",98,40
"2017-08-28 12:40:00",91,24
"2017-08-28 12:45:00",93,34
"2017-08-28 12:50:00",93,25
"2017-08-28 12:55:00",102,32
"2017-08-28 13:00:00",94,30
"2017-08-28 13:05:00",96,36
"2017-08-28 13:10:00",93,25
"2017-08-28 13:15:00",92,37
"2017-08-28 13:20:00",92,29
"2017-08-28 13:25:00",96,41
"2017-08-28 13:30:00",97,30
"2017-08-28 13:35:00",93,29
"2017-08-28 13:40:00",92,39
"2017-08-28 13:45:00",91,35
"2017-08-28 13:50:00",90,32
"2017-08-28 13:55:00",90,29
"2017-08-28 14:00:00",96,26
"2017-08-28 14:05:00",92,37
"2017-08-28 14:10:00",96,30
"2017-08-28 14:15:00",87,33
"2017-08-28 14:20:00",93,39
"2017-08-28 14:25:00",94,37
"2017-08-28 14:30:00",94,30
"2017-08-28 14:35:00",93,35
"2017-08-28 14:40:00",93,26
"2017-08-28 14:45:00",95,25
"2017-08-28 14:50:00",95,40
"2017-08-28 14:55:00",95,35
"2017-08-28 15:00:00",97,28
"2017-08-28 15:05:00",88,38
"2017-08-28 15:10:00",91,28
"2017-08-28 15:15:00",95,28
"2017-08-28 15:20:00",94,28
"2017-08-28 15:25:00",93,34
"2017-08-28 15:30:00",85,30
"2017-08-28 15:35:00",89,30
"2017-08-28 15:40:00",92,39
"2017-08-28 15:45:00",97,32
"2017-08-28 15:50:00",97,33
"2017-08-28 15:55:00",94,33
"2017-08-28 16:00:00",93,33
"2017-08-28 16:05:00",93,32
"2017-08-28 16:10:00",93,30
"2017-08-28 16:15:00",98,40
"2017-08-28 16:20:00",93,38
"2017-08-28 16:25:00",96,35
"2017-08-28 16:30:00",99,35
"2017-08-28 16:35:00",90,39
"2017-08-28 16:40:00",93,29
"2017-08-28 16:45:00",93,44
"2017-08-28 16:50:00",95,26
"2017-08-28 16:55:00",98,34
"2017-08-28 17:00:00",96,29
"2017-08-28 17:05:00",93,46
"2017-08-28 17:10:00",93,29
"2017-08-28 17:15:00",90,31
"2017-08-28 17:20:00",91,36
"2017-08-28 17:25:00",90,36
"2017-08-28 17:30:00",101,29
"2017-08-28 17:35:00",95,33
"2017-08-28 17:40:00",91,34
"2017-08-28 17:45:00",94,27
"2017-08-28 17:50:00",94,30
"2017-08-28 17:55:00",99,32
"2017-08-28 18:00:00",85,22
"2017-08-28 18:05:00",90,30
"2017-08-28 18:10:00",90,34
"2017-08-28 18:15:00",86,23
"2017-08-28 18:20:00",91,29
"2017-08-28 18:25:00",88,27
"2017-08-28 18:30:00",87,29
"2017-08-28 18:35:00",92,30
"2017-08-28 18:40:00",85,31
"2017-08-28 18:45:00",88,19
"2017-08-28 18:50:00",87,27
"2017-08-28 18:55:00",92,14
"2017-08-28 19:00:00",85,15
"2017-08-28 19:05:00",87,22
"2017-08-28 19:10:00",94,21
"2017-08-28 19:15:00",89,26
"2017-08-28 19:20:00",81,18
"2017-08-28 19:25:00",89,20
"2017-08-28 19:30:00",90,24
"2017-08-28 19:35:00",89,12
"2017-08-28 19:40:00",91,24
"2017-08-28 19:45:00",85,24
"2017-08-28 19:50:00",87,20
"2017-08-28 19:55:00",87,18
"2017-08-28 20:00:00",92,16
"2017-08-28 20:05:00",89,24
"2017-08-28 20:10:00",89,20
"2017-08-28 20:15:00",91,19
"2017-08-28 20:20:00",91,23
"2017-08-28 20:25:00",86,20
"2017-08-28 20:30:00",84,21
"2017-08-28 20:35:00",92,18
"2017-08-28 20:40:00",81,15
"2017-08-28 20:45:00",84,14
"2017-08-28 20:50:00",89,14
"2017-08-28 20:55:00",88,17
"2017-08-28 21:00:00",87,11
"2017-08-28 21:05:00",88,17
"2017-08-28 21:10:00",82,18
"2017-08-28 21:15:00",91,20
"2017-08-28 21:20:00",88,23
"2017-08-28 21:25:00",88,19
"2017-08-28 21:30:00",83,15
"2017-08-28 21:35:00",89,14
"2017-08-28 21:40:00",86,11
"2017-08-28 21:45:00",79,27
"2017-08-28 21:50:00",83,20
"2017-08-28 21:55:00",87,13
"2017-08-28 22:00:00",87,17
"2017-08-28 22:05:00",90,15
"2017-08-28 22:10:00",86,21
"2017-08-28 22:15:00",89,12
"2017-08-28 22:20:00",84,16
"2017-08-28 22:25:00",92,15
"2017-08-28 22:30:00",89,16
"2017-08-28 22:35:00",87,19
"2017-08-28 22:40:00",87,16
"2017-08-28 22:45:00",82,13
"2017-08-28 22:50:00",82,16
"2017-08-29 07:00:00",97,27
"2017-08-29 07:05:00",95,32
"2017-08-29 07:10:00",90,38
"2017-08-29 07:15:00",98,45
"2017-08-29 07:20:00",69,38
"2017-08-29 07:25:00",21,53
"2017-08-29 07:30:00",54,45
"2017-08-29 07:35:00",57,55
"2017-08-29 07:40:00",59,53
"2017-08-29 07:45:00",14,44
"2017-08-29 07:50:00",27,56
"2017-08-29 07:55:00",24,50
"2017-08-29 08:00:00",68,65
"2017-08-29 08:05:00",55,54
"2017-08-29 08:10:00",75,74
"2017-08-29 08:15:00",33,46
"2017-08-29 08:20:00",63,59
"2017-08-29 08:25:00",83,53
"2017-08-29 08:30:00",79,84
"2017-08-29 08:35:00",78,74
"2017-08-29 08:40:00",89,61
"2017-08-29 08:45:00",90,80
"2017-08-29 08:50:00",94,62
"2017-08-29 08:55:00",93,71
"2017-08-29 09:00:00",98,60
"2017-08-29 09:05:00",97,73
"2017-08-29 09:10:00",93,70
"2017-08-29 09:15:00",93,72
"2017-08-29 09:20:00",91,100
"2017-08-29 09:25:00",94,66
"2017-08-29 09:30:00",97,67
"2017-08-29 09:35:00",93,77
"2017-08-29 09:40:00",91,73
"2017-08-29 09:45:00",93,64
"2017-08-29 09:50:00",94,79
"2017-08-29 09:55:00",92,54
"2017-08-29 10:00:00",89,96
"2017-08-29 10:05:00",84,112
"2017-08-29 10:10:00",92,97
"2017-08-29 10:15:00",93,80
"2017-08-29 10:20:00",94,58
"2017-08-29 10:25:00",95,82
"2017-08-29 10:30:00",94,83
"2017-08-29 10:35:00",90,75
"2017-08-29 10:40:00",95,73
"2017-08-29 10:45:00",90,62
"2017-08-29 10:50:00",91,85
"2017-08-29 10:55:00",96,63
"2017-08-29 11:00:00",96,82
"2017-08-29 11:05:00",95,55
"2017-08-29 11:10:00",88,58
"2017-08-29 11:15:00",93,58
"2017-08-29 11:20:00",92,65
"2017-08-29 11:25:00",98,64
"2017-08-29 11:30:00",95,62
"2017-08-29 11:35:00",92,55
"2017-08-29 11:40:00",96,59
"2017-08-29 11:45:00",91,33
"2017-08-29 11:50:00",92,28
"2017-08-29 11:55:00",95,32
"2017-08-29 12:00:00",92,27
"2017-08-29 12:05:00",98,27
"2017-08-29 12:10:00",93,26
"2017-08-29 12:15:00",90,31
"2017-08-29 12:20:00",94,35
"2017-08-29 12:25:00",92,32
"2017-08-29 12:30:00",94,30
"2017-08-29 12:35:00",94,36
"2017-08-29 12:40:00",95,29
"2017-08-29 12:45:00",91,30
"2017-08-29 12:50:00",93,33
"2017-08-29 12:55:00",89,28
"2017-08-29 13:00:00",96,33
"2017-08-29 13:05:00",98,38
"2017-08-29 13:10:00",102,31
"2017-08-29 13:15:00",93,29
"2017-08-29 13:20:00",95,33
"2017-08-29 13:25:00",89,34
"2017-08-29 13:30:00",97,36
"2017-08-29 13:35:00",96,32
"2017-08-29 13:40:00",93,42
"2017-08-29 13:45:00",96,40
"2017-08-29 13:50:00",92,31
"2017-08-29 13:55:00",93,35
"2017-08-29 14:00:00",92,26
"2017-08-29 14:05:00",96,31
"2017-08-29 14:10:00",86,31
"2017-08-29 14:15:00",98,32
"2017-08-29 14:20:00",95,32
"2017-08-29 14:25:00",90,28
"2017-08-29 14:30:00",94,24
"2017-08-29 14:35:00",96,27
"2017-08-29 14:40:00",90,27
"2017-08-29 14:45:00",100,27
"2017-08-29 14:50:00",93,44
"2017-08-29 14:55:00",90,36
"2017-08-29 15:00:00",92,27
"2017-08-29 15:05:00",95,29
"2017-08-29 15:10:00",92,36
"2017-08-29 15:15:00",90,37
"2017-08-29 15:20:00",92,53
"2017-08-29 15:25:00",95,42
"2017-08-29 15:30:00",93,42
"2017-08-29 15:35:00",91,31
"2017-08-29 15:40:00",95,31
"2017-08-29 15:45:00",92,30
"2017-08-29 15:50:00",93,33
"2017-08-29 15:55:00",100,38
"2017-08-29 16:00:00",95,29
"2017-08-29 16:05:00",91,41
"2017-08-29 16:10:00",93,30
"2017-08-29 16:15:00",96,31
"2017-08-29 16:20:00",94,26
"2017-08-29 16:25:00",93,32
"2017-08-29 16:30:00",93,34
"2017-08-29 16:35:00",87,29
"2017-08-29 16:40:00",94,29
"2017-08-29 16:45:00",92,36
"2017-08-29 16:50:00",87,33
"2017-08-29 16:55:00",93,36
"2017-08-29 17:00:00",90,29
"2017-08-29 17:05:00",92,26
"2017-08-29 17:10:00",90,36
"2017-08-29 17:15:00",93,30
"2017-08-29 17:20:00",91,26
"2017-08-29 17:25:00",93,28
"2017-08-29 17:30:00",89,41
"2017-08-29 17:35:00",99,30
"2017-08-29 17:40:00",92,26
"2017-08-29 17:45:00",94,29
"2017-08-29 17:50:00",97,25
"2017-08-29 17:55:00",93,29
"2017-08-29 18:00:00",91,27
"2017-08-29 18:05:00",95,24
"2017-08-29 18:10:00",97,24
"2017-08-29 18:15:00",93,25
"2017-08-29 18:20:00",94,29
"2017-08-29 18:25:00",84,22
"2017-08-29 18:30:00",88,17
"2017-08-29 18:35:00",86,26
"2017-08-29 18:40:00",91,22
"2017-08-29 18:45:00",88,22
"2017-08-30 07:00:00",90,33
"2017-08-30 07:05:00",92,23
"2017-08-30 07:10:00",91,25
"2017-08-30 07:15:00",91,20
"2017-08-30 07:20:00",94,31
"2017-08-30 07:25:00",97,27
"2017-08-30 07:30:00",92,31
"2017-08-30 07:35:00",96,27
"2017-08-30 07:40:00",99,25
"2017-08-30 07:45:00",95,30
"2017-08-30 07:50:00",87,32
"2017-08-30 07:55:00",91,26
"2017-08-30 08:00:00",90,24
"2017-08-30 08:05:00",99,32
"2017-08-30 08:10:00",94,23
"2017-08-30 08:15:00",98,32
"2017-08-30 08:20:00",98,36
"2017-08-30 08:25:00",96,30
"2017-08-30 08:30:00",99,37
"2017-08-30 08:35:00",93,23
"2017-08-30 08:40:00",96,26
"2017-08-30 08:45:00",98,40
"2017-08-30 08:50:00",93,36
"2017-08-30 08:55:00",99,32
"2017-08-30 09:00:00",97,42
"2017-08-30 09:05:00",98,34
"2017-08-30 09:10:00",99,41
"2017-08-30 09:15:00",95,42
"2017-08-30 09:20:00",98,42
"2017-08-30 09:25:00",93,41
"2017-08-30 09:30:00",100,44
"2017-08-30 09:35:00",95,45
"2017-08-30 09:40:00",95,41
"2017-08-30 09:45:00",94,40
"2017-08-30 09:50:00",97,35
"2017-08-30 09:55:00",94,41
"2017-08-30 10:00:00",98,39
"2017-08-30 10:05:00",98,43
"2017-08-30 10:10:00",102,36
"2017-08-30 10:15:00",95,42
"2017-08-30 10:20:00",95,33
"2017-08-30 10:25:00",102,36
"2017-08-30 10:30:00",100,42
"2017-08-30 10:35:00",97,36
"2017-08-30 10:40:00",98,40
"2017-08-30 10:45:00",96,29
"2017-08-30 10:50:00",96,38
"2017-08-30 10:55:00",95,35
"2017-08-30 11:00:00",93,31
"2017-08-30 11:05:00",98,27
"2017-08-30 11:10:00",96,25
"2017-08-30 11:15:00",99,28
"2017-08-30 11:20:00",102,31
"2017-08-30 11:25:00",86,22
"2017-08-30 11:30:00",92,27
"2017-08-30 11:35:00",95,32
"2017-08-30 11:40:00",95,43
"2017-08-30 11:45:00",93,35
"2017-08-30 11:50:00",93,37
"2017-08-30 11:55:00",92,39
"2017-08-30 12:00:00",97,33
"2017-08-30 12:05:00",90,27
"2017-08-30 12:10:00",95,22
"2017-08-30 12:15:00",95,29
"2017-08-30 12:20:00",92,29
"2017-08-30 12:25:00",90,32
"2017-08-30 12:30:00",91,31
"2017-08-30 12:35:00",92,33
"2017-08-30 12:40:00",98,34
"2017-08-30 12:45:00",100,38
"2017-08-30 12:50:00",91,34
"2017-08-30 12:55:00",91,33
"2017-08-30 13:00:00",95,27
"2017-08-30 13:05:00",92,27
"2017-08-30 13:10:00",91,29
"2017-08-30 13:15:00",96,35
"2017-08-30 13:20:00",96,38
"2017-08-30 13:25:00",97,38
"2017-08-30 13:30:00",93,33
"2017-08-30 13:35:00",100,39
"2017-08-30 13:40:00",97,39
"2017-08-30 13:45:00",91,34
"2017-08-30 13:50:00",96,38
"2017-08-30 13:55:00",94,45
"2017-08-30 14:00:00",98,36
"2017-08-30 14:05:00",95,40
"2017-08-30 14:10:00",94,27
"2017-08-30 14:15:00",95,41
"2017-08-30 14:20:00",94,37
"2017-08-30 14:25:00",91,28
"2017-08-30 14:30:00",102,35
"2017-08-30 14:35:00",99,35
"2017-08-30 14:40:00",97,29
"2017-08-30 14:45:00",96,38
"2017-08-30 14:50:00",96,32
"2017-08-30 14:55:00",100,33
"2017-08-30 15:00:00",95,35
"2017-08-30 15:05:00",97,36
"2017-08-30 15:10:00",91,34
"2017-08-30 15:15:00",97,32
"2017-08-30 15:20:00",91,34
"2017-08-30 15:25:00",99,34
"2017-08-30 15:30:00",95,33
"2017-08-30 15:35:00",96,38
"2017-08-30 15:40:00",95,44
"2017-08-30 15:45:00",94,35
"2017-08-30 15:50:00",97,31
"2017-08-30 15:55:00",103,44
"2017-08-30 16:00:00",92,36
"2017-08-30 16:05:00",93,32
"2017-08-30 16:10:00",101,35
"2017-08-30 16:15:00",91,33
"2017-08-30 16:20:00",96,32
"2017-08-30 16:25:00",96,23
"2017-08-30 16:30:00",98,26
"2017-08-30 16:35:00",91,30
"2017-08-30 16:40:00",92,41
"2017-08-30 16:45:00",98,30
"2017-08-30 16:50:00",96,29
